id,countryid,name
1,6,HARTFORD ATHLETIC
2,2,KUPS
3,18,FSV ZWICKAU
4,55,FK LIEPAJA
5,63,SIONI BOLNISI
6,19,QIZILQUM ZARAFSHON
7,20,SOUTHAMPTON
8,39,ZHEJIANG YITENG
9,57,ARENDAL
10,53,LPS TOZEUR
11,18,WERDER BREMEN II
12,9,VIGOR LAMEZIA
13,48,AL-SHAMAL
14,18,HEIDER SV
15,44,AUSTRIA VIENNA
16,9,CUNEO
17,58,CAEN
18,44,SC RETZ
19,20,BRISTOL ROVERS
20,48,AL-KHARAITIYAT
21,77,TACUARY
22,36,REAL DE MINAS
23,19,FK BUXORO
24,46,SAKHALIN
25,20,TRURO CITY
26,63,DINAMO BATUMI
27,42,CESAR VALLEJO
28,46,SKA-KHABAROVSK
29,39,GUIZHOU HENGFENG
30,18,VfB OLDENBURG
31,46,BIOLOG-NOVOKUBANSK
32,42,SPORTING CRISTAL
33,43,NK SLAVEN BELUPO
34,59,FC DIFFERDANGE 03
35,9,FANO ALMA J.
36,57,VALERENGA
37,67,HB KOGE
38,6,LAS VEGAS LIGHTS FC
39,9,FERMANA
40,22,GRINDAVIK
41,55,SPARTAKS
42,7,MISR EL MAKASA
43,22,KR REYKJAVIK
44,73,BENFICA
45,9,FROSINONE
46,76,SHARJAH FC
47,8,DUNFERMLINE
48,20,LEYTON ORIENT
49,45,VOLOS NPS
50,38,DEFENSA Y JUSTICIA
51,31,VITEZ
52,12,WILLEM II
53,41,JAVOR
54,18,VSG ALTGLIENICKE
55,22,THOR AKUREYRI
56,6,SWOPE PARK RANGERS
57,31,MLADOST DOBOJ KAKANJ
58,16,ROYAL PARI FC
59,24,ZALAEGERSZEGI TE
60,18,GOSLARER SC
61,46,URAL
62,54,FINN HARPS
63,17,PENANG
64,59,US RUMELANGE
65,15,HAVERFORDWEST COUNTY
66,4,ANSAN GREENERS
67,15,RHYL FC
68,18,FORTUNA DUSSELDORF II
69,10,SANTA CRUZ
70,20,STOCKPORT
71,2,ESPA
72,17,FELDA UNITED FC
73,21,ATLANTAS
74,36,REAL ESPANA
75,60,ANTWERP
76,46,SPARTAK MOSCOW 2
77,51,MINYOR PERNIK
78,41,NOVI PAZAR
79,46,DRUZHBA MAYKOP
80,25,APOEL
81,18,SC WIEDENBRUCK 2000
82,57,FLORO
83,28,EL EULMA
84,35,IF ELFSBORG
85,20,GILLINGHAM
86,9,PIANESE
87,73,FC PORTO
88,57,RANHEIM
89,60,ROESELARE
90,14,DINAMO MINSK
91,19,NAVBAHOR NAMANGAN
92,42,COMERCIANTES UNIDOS
93,39,BEIJIN RENHE FC
94,44,FC LENDORF
95,44,FC DORNBIRN 1913
96,30,SENGLEA ATHLETIC
97,18,ROT-WEISS OBERHAUSEN
98,59,PROGRES NIEDERKORN
99,30,ZEBBUG RANGERS
100,60,DEINZE
101,44,SC SCHWAZ
102,57,BODO/GLIMT
103,32,AL-WEHDA CLUB
104,67,FC FREDERICIA
105,20,DARTFORD
106,75,DONEGAL CELTIC
107,18,WORMATIA WORMS
108,9,PAGANESE
109,55,BFC DAUGAVPILS
110,14,TORPEDO ZHODINO
111,44,STURM GRAZ
112,29,DELFIN SC
113,47,SEKTZYA NESS ZIONA
114,75,DUNGANNON SWIFTS
115,20,MARGATE
116,12,AGOVV
117,2,PPT
118,3,BUSAITEEN
119,76,SHABAB AL-AHLI DUBAI
120,74,ORDABASY
121,38,PATRONATO
122,50,GORNIK ZABRZE
123,22,VALUR REYKJAVIK
124,71,COLO COLO
125,57,VALDRES FK
126,9,MACERATESE
127,61,VEGALTA SENDAI
128,44,WACKER INNSBRUCK
129,40,BANANTS YEREVAN
130,28,US CHAOUIA
131,69,HOME UNITED FC
132,53,CS SFAXIEN
133,28,JS SAOURA
134,69,WOODLANDS WELLINGTON
135,20,EAST THURROCK UNITED
136,57,PORS GRENLAND
137,9,MATERA
138,45,PANATHINAIKOS
139,12,JONG AJAX
140,9,NOCERINA
141,6,ORANGE COUNTY SC
142,4,JEONNAM DRAGONS
143,18,FC SAARBRUCKEN
144,72,FREE STATE STARS
145,28,ASO CHLEF
146,44,SV GRODIG
147,31,NK CELIK ZENICA
148,20,DAGENHAM &amp; REDBRIDGE
149,18,KICKERS OFFENBACH
150,59,WILTZ
151,58,STADE BRESTOIS 29
152,9,CESENA
153,48,UMM SALAL
154,57,STJORDALS BLINK
155,58,LENS
156,46,FC TOSNO
157,44,SV WALLERN
158,9,MELFI
159,48,QATAR SC
160,12,NAC BREDA
161,71,IQUIQUE
162,73,MAFRA
163,24,GYIRMOT SE
164,30,BIRKIRKARA
165,2,JAPS
166,19,DINAMO SAMARQAND
167,35,UTSIKTENS BK
168,2,AC KAJAANI
169,20,CAMBRIDGE UNITED
170,28,US BISKRA
171,35,IK SLEIPNER
172,18,TSG BALINGEN
173,77,CLUB NACIONAL
174,10,JOINVILLE
175,4,DAEJEON CITIZEN
176,45,ATROMITOS ATHINON
177,2,OTP
178,65,KECIORENGUCU
179,35,IS HALMIA
180,46,METALLURG NOVOKUZN.
181,37,VORSKLA POLTAVA
182,46,FAKEL VORONEZH
183,2,VIFK
184,20,HUNGERFORD TOWN
185,38,LANUS
186,11,LA EQUIDAD
187,20,AFC HORNCHURCH
188,2,ROPS/2
189,58,GAZELEC FC AJACCIO
190,26,FC WIL 1900
191,68,STIINTA MIROSLAVA
192,46,TAMBOV
193,46,SKCF SEVASTOPOL
194,67,FC COPENHAGEN
195,65,FETHIYESPOR
196,20,BOREHAM WOOD
197,33,MELBOURNE CITY
198,9,VIRTUS FRANCAVILLA
199,27,TAMMEKA TARTU
200,58,CARQUEFOU
201,70,SAIPA
202,46,KVANT OBNINSK
203,59,F91 DUDELANGE
204,57,STABAEK
205,31,FK BORAC BANJA LUKA
206,12,FORTUNA SITTARD
207,28,AS AIN MLILA
208,51,LOKOMOTIV G. ORYAHOVITSA
209,7,EL MINYA FC
210,9,INTER
211,7,ENPPI
212,35,RYNNINGE IK
213,6,EL PASO LOCOMOTIVE
214,47,MACCABI HAIFA
215,63,FC TSKHINVALI
216,35,GIF SUNDSVALL
217,64,LORCA FC
218,44,SCR ALTACH
219,18,SpVgg NECKARELZ
220,65,ALTINORDU
221,44,TSV NEUMARKT
222,66,DEPORTIVO LARA
223,1,PEREZ ZELEDON
224,58,ANGERS
225,4,GOYANG ZAICRO FC
226,55,FB GULBENE-2005
227,2,JIPPO
228,2,FC VIIKKARIT
229,61,SHONAN BELLMARE
230,60,ANDERLECHT
231,70,NAVAD URMIA
232,57,BYASEN
233,50,STOMIL OLSZTYN
234,49,MONTEVIDEO WANDERERS
235,41,MACVA
236,50,GORNIK LECZNA
237,20,HUDDERSFIELD
238,58,NIMES
239,52,ALUMINIJ
240,22,FRAM REYKJAVIK
241,44,AUSTRIA VIENNA (AM)
242,64,CADIZ
243,9,TERNANA
244,64,CORDOBA
245,46,VOLGA NIZHN.NOVGOROD
246,50,ZAGLEBIE LUBIN
247,68,FC ASTRA GIURGIU
248,23,VIKTORIA PLZEN
249,46,ARSENAL TULA
250,3,BUDAIYA
251,46,SEVER MURMANSK
252,58,ARLES
253,11,BUCARAMANGA
254,57,OPPSAL
255,65,OSMANLISPOR
256,60,AS EUPEN
257,18,EINTRACHT NORDERSTEDT
258,46,METALLURG LIPETSK
259,73,MARITIMO B
260,63,ZESTAFONI
261,6,OTTAWA FURY FC
262,73,SPORTING CP B
263,11,MILLONARIOS
264,18,1899 HOFFENHEIM II
265,25,AEL LIMASSOL
266,65,GIRESUNSPOR
267,10,BRASIL DE PELOTAS
268,35,JONKOPINGS SODRA
269,57,DRAMMEN
270,23,SLOVAN LIBEREC
271,20,GOSPORT BOROUGH
272,58,BASTIA-BORGO
273,46,ZENIT 2
274,16,UNIVERSITARIO PANDO
275,8,ALLOA ATHLETIC
276,38,HURACAN
277,38,UNION SANTA FE
278,63,FC SABURTALO
279,77,SPORTIVO TRINIDENSE
280,31,NK METALLEGHE-BSI
281,20,CRAWLEY TOWN
282,15,LLANDUDNO
283,75,INSTITUTE FC
284,41,DONJI SREM PECINCI
285,41,BSK
286,52,NK CM CELJE
287,46,LOKOMOTIV LISKI
288,64,REAL SOCIEDAD
289,32,AL-SHABAB RIYADH
290,9,OLBIA
291,50,PIAST GLIWICE
292,6,NEW YORK RED BULLS
293,23,FK JABLONEC
294,71,EVERTON DE VINA
295,12,JONG PSV
296,9,PADOVA
297,53,AS SOLIMAN
298,44,STADLAU
299,46,RODINA
300,2,VILLIKETUT
301,16,GUABIRA
302,9,LUPA CASTELLI ROMANI
303,46,DOMODEDOVO MOSCOW
304,22,FH HAFNARFJORDUR
305,35,ROSENGARD
306,30,MOSTA FC
307,32,AL-THUQBAH
308,58,METZ
309,2,KULTSU
310,31,SLOBODA TUZLA
311,1,LD ALAJUELENSE
312,72,JOMO COSMOS
313,52,MURA 05
314,18,FK PIRMASENS
315,52,KRSKO
316,65,MENEMEN BELEDIYE
317,69,GEYLANG INTERNATIONAL
318,20,CURZON ASHTON
319,8,FORFAR ATHLETIC
320,53,OLYMPIQUE BEJA
321,12,UTRECHT
322,65,KARTALSPOR
323,20,OLDHAM
324,14,NAFTAN
325,57,TROMSDALEN UIL
326,32,OHOD
327,2,P-IIROT
328,26,FC STADE LS OUCHY
329,64,PONFERRADINA
330,9,BARLETTA
331,48,AL-DUHAIL SC
332,59,ETZELLA ETTELBRUCK
333,57,MJOLNER
334,23,MFK CHRUDIM
335,12,PSV
336,31,GOSK GABELA
337,5,CSD MUNICIPAL
338,70,MES KERMAN
339,77,GENERAL DIAZ
340,12,HEERENVEEN
341,11,ATLETICO NACIONAL
342,8,HIBERNIAN
343,12,SPARTA ROTTERDAM
344,58,DIJON
345,71,O HIGGINS
346,64,LEVANTE
347,18,VfR GARCHING
348,57,HONEFOSS
349,29,DEP. TECNICO UNIV.
350,37,TAVRIYA SIMFEROPOL
351,58,LAVAL
352,50,WISLA PULAWY
353,68,FC BOTOSANI
354,50,WARTA POZNAN
355,35,NORRBY IF
356,1,JICARAL SERCOBA
357,67,SILKEBORG
358,20,MAIDENHEAD
359,18,FC OBERNEULAND
360,64,CELTA VIGO
361,26,NEUCHATEL XAMAX FC
362,68,SOIMII LIPOVA
363,67,BRABRAND
364,30,HIBERNIANS FC
365,68,UTA ARAD
366,13,RAMTHA SC
367,18,TSV HAVELSE
368,44,TSV ST. JOHANN
369,23,FK BANIK SOKOLOV
370,35,TORNS IF
371,6,LOS ANGELES FC
372,20,AFC FYLDE
373,32,AL-WATANI
374,52,TABOR SEZANA
375,39,SHANGHAI SHENHUA
376,46,LUKI-ENERGIYA
377,35,IFK UDDEVALLA
378,62,RENAISSANCE BERKANE
379,46,NIZHNY NOVGOROD
380,38,NUEVA CHICAGO
381,9,ROMA
382,9,VITERBESE CASTRENSE
383,26,FC LE MONT LS
384,1,MUNICIPAL GRECIA
385,20,LINCOLN
386,37,DNIPRO-1
387,12,VEENDAM
388,20,FARSLEY CELTIC
389,38,ESTUDIANTES L.P.
390,60,MONS
391,60,KORTRIJK
392,67,BRONSHOJ
393,40,SHIRAK FC
394,66,MONAGAS SC
395,65,UMRANIYESPOR
396,66,LLANEROS FC
397,21,KLAIPEDOS GRANITAS
398,50,ROW 1964 RYBNIK
399,26,GRASSHOPPER-CLUB
400,62,OLYMPIQUE KHOURIBGA
401,56,MSK ZILINA
402,9,CATANZARO
403,20,ACCRINGTON ST
404,39,CHANGCHUN YATAI
405,32,AL-AHLI JEDDAH
406,29,LDU LOJA
407,72,BIDVEST WITS
408,21,FK RITERIAI
409,61,GAMBA OSAKA
410,2,SOVO
411,61,TOKUSHIMA VORTIS
412,65,SIVASSPOR
413,42,ALIANZA LIMA
414,2,KTP
415,51,SEPTEMVRI SOFIA
416,34,DORADOS
417,16,THE STRONGEST
418,64,UCAM MURCIA
419,18,FC INGOLSTADT 04
420,2,FC KONTU
421,46,KHIMIK DZERZHINSK
422,18,ALEMANNIA AACHEN
423,47,HAPOEL HAIFA
424,51,CSKA-SOFIA
425,37,VERES
426,44,SV SCHWECHAT
427,58,UZES-PONT-DU-GARD
428,19,FK OBOD TASHKENT
429,20,SALISBURY CITY
430,44,AUSTRIA KLAGENFURT
431,46,VYBOR KURBATOVO
432,58,CHAMBLY THELLE FC
433,48,AL-RAYYAN SC
434,60,KV MECHELEN
435,6,NEW ENGLAND REVOLUTION
436,26,RAPPERSWIL
437,9,FONDI
438,46,RUBIN
439,44,SV ALLERHEILIGEN
440,67,FREMAD AMAGER
441,6,COLUMBUS CREW
442,38,TALLERES CORDOBA
443,44,SV WALS GRUNAU
444,38,TIGRE
445,9,FORLI
446,65,ANKARAGUCU
447,9,PONTEDERA
448,69,DPMM FC
449,64,REAL MADRID CASTILLA
450,63,LOKOMOTIVI TBILISI
451,10,MACAE
452,10,GOIAS
453,72,CAPE TOWN CITY
454,35,FK KARLSKRONA
455,59,FOLA ESCH
456,42,UNION COMERCIO
457,51,PIRIN GOTSE DELCHEV
458,68,SC BACAU
459,50,KOLEJARZ STROZE
460,2,KPV
461,34,CLUB SAN LUIS
462,44,ASK-BSC BRUCK/LEITHA
463,29,CD OLMEDO
464,49,BELLA VISTA
465,60,GENK
466,65,ADANA DEMIRSPOR
467,70,FAJR SEPASI
468,46,ARARAT MOSCOW
469,18,VIKTORIA BERLIN
470,2,HJS AKATEMIA
471,64,LUGO
472,65,BUCASPOR IZMIR
473,41,TSC BACKA TOPOLA
474,56,MFK KOSICE
475,18,BAYER LEVERKUSEN
476,57,SOGNDAL
477,39,WUHAN ZALL
478,44,USC EUGENDORF
479,29,TECNICO UNIVERSITARIO
480,35,KARLSLUNDS IF
481,68,AFC HERMANNSTADT
482,7,AL NASR CAIRO
483,33,ADELAIDE UNITED
484,68,CSIKSZEREDA MIERCUREA CIUC
485,67,HOBRO
486,20,MANCHESTER UTD
487,57,STROMMEN
488,65,GENCLERBIRLIGI
489,20,GAINSBOROUGH
490,46,ROTOR VOLGOGRAD
491,62,MOULOUDIA OUJDA
492,12,DE GRAAFSCHAP
493,54,WATERFORD FC
494,46,UROZHAY KRASNODAR
495,46,DINAMO MOSCOW
496,66,ZAMORA FC
497,23,ZNOJMO
498,18,EINTRACHT BRAUNSCHWEIG
499,17,PERAK
500,44,FC KITZBUHEL
501,36,CD OLIMPIA
502,57,HAM-KAM
503,10,GUARANI CAMPINAS
504,20,AFC TELFORD UTD
505,46,TORPEDO MOSCOW
506,9,FIDELIS ANDRIA
507,38,ALL BOYS
508,18,WESTFALIA RHYNERN
509,10,PORTUGUESA
510,20,HEMEL HEMPSTEAD TOWN
511,47,HAPOEL TEL AVIV
512,60,SERAING UNITED
513,20,WALSALL
514,58,LE MANS
515,38,BELGRANO CORDOBA
516,48,AL-SHAHANIYA
517,47,HAPOEL R. H. I. NIR
518,68,OLIMPIA SATU MARE
519,44,RED BULL SALZBURG
520,16,CLUB ALWAYS READY
521,46,KRASNODAR 3
522,18,RB LEIPZIG II
523,18,FC NURNBERG
524,64,REUS
525,12,TWENTE
526,46,ROTOR VOLGOGRAD 2
527,9,GOZZANO
528,68,GAZ METAN MEDIAS
529,53,ETOILE DU SAHEL
530,35,ARAMEISKA-SYRIANSKA IF
531,38,ARSENAL SARANDI
532,46,VITYAZ PODOLSK
533,20,COLWYN BAY
534,46,KHIMIK NOVOMOSKOVSK
535,6,PHILADELPHIA UNION
536,24,DEBRECENI VSC
537,2,VPS
538,20,POOLE TOWN
539,20,BILLERICAY
540,42,REAL GARCILASO
541,35,LUNDS BK
542,68,VIITORUL CONSTANTA
543,23,VIKTORIA ZIZKOV
544,68,CS UNIREA TARLUNGENI
545,20,NEWPORT COUNTY
546,46,LOKOMOTIV MOSCOW
547,25,APOLLON LIMASSOL
548,8,MORTON
549,22,BREIDABLIK
550,50,RAKOW CZESTOCHOWA
551,65,ISTANBUL BASAKSEHIR
552,7,AL QANAH
553,18,SV SANDHAUSEN
554,29,FUERZA AMARILLA
555,50,POLONIA BYTOM
556,42,DEPORTIVO BINACIONAL
557,20,EBBSFLEET UNITED
558,35,HAMMARBY
559,73,COVA DE PIEDADE
560,50,MKS KLUCZBORK
561,10,INTERNACIONAL
562,43,HNK CIBALIA
563,46,CHERTANOVO MOSCOW
564,20,DULWICH HAMLET
565,9,ANCONA
566,18,ROT-WEISS ERFURT
567,18,EINTRACHT FRANKFURT
568,23,CASLAV
569,55,FC JURMALA
570,14,FC DNYAPRO MOGILEV
571,76,AL-NASR SC DUBAI
572,73,SC BRAGA B
573,18,TSV 1860 ROSENHEIM
574,20,NORWICH
575,46,METALLURG-OSKOL
576,20,DROYLSDEN
577,65,FENERBAHCE
578,18,BORUSSIA DORTMUND
579,51,LUDOGORETS
580,51,LEVSKI SOFIA
581,73,BOAVISTA
582,2,FC YPA
583,16,BOLIVAR
584,11,ENVIGADO
585,20,YORK
586,39,TIANJIN TEDA
587,29,BARCELONA SC
588,53,STADE TUNISIEN
589,67,FC HELSINGOR
590,59,RACING FC UNION LUXEMBOURG
591,23,PARDUBICE
592,35,PITEA IF
593,38,RIVER PLATE
594,37,ARSENAL KYIV
595,8,ANNAN ATHLETIC
596,17,JOHOR DARUL TAKZIM
597,29,DEPORTIVO CUENCA
598,20,BIRMINGHAM
599,41,BORAC CACAK
600,58,STRASBOURG
601,44,FC BW LINZ
602,18,WEICHE FLENSBURG
603,26,SC KRIENS
604,45,KALLONI AEL
605,46,AVANGARD KURSK
606,45,LARISA
607,35,TEAM TG FF
608,18,FC HENNEF 05
609,35,BK FORWARD
610,62,FAR RABAT
611,77,CLUB RIVER PLATE
612,8,STIRLING ALBION
613,49,RACING MONTEVIDEO
614,41,RADNICKI 1923
615,10,BOA
616,41,BACKA
617,31,RADNIK BIJELJINA
618,73,BENFICA B
619,57,SOLA
620,35,HALMSTAD
621,46,ALANIA
622,20,LEAMINGTON
623,32,AL-ANSAR
624,6,COLORADO RAPIDS
625,20,ARSENAL
626,46,MASHUK-KMV
627,18,SV STRAELEN
628,59,US HOSTERT
629,6,RENO 1868 FC
630,20,DONCASTER
631,73,OLHANENSE
632,53,AVENIR S.DE LA MARSA
633,18,SV RODINGHAUSEN
634,45,OFI
635,49,BOSTON RIVER
636,51,LITEX
637,10,VITORIA
638,58,BORDEAUX
639,20,WATFORD
640,35,LANDSKRONA BoIS
641,5,HALCONES FC
642,18,SC PFULLENDORF
643,34,TOLUCA
644,45,AEP IRAKLIS 1908 PAE
645,53,AS GABES
646,20,CARLISLE
647,66,URENA SC
648,44,SKN ST. POLTEN (AM)
649,6,SPORTING KANSAS CITY
650,58,CHOLET
651,1,CS HEREDIANO
652,46,FC SOCHI
653,23,DUKLA PRAHA
654,50,PUSZCZA NIEPOLOMICE
655,40,FC URARTU
656,20,WEST BROM
657,66,ARAGUA FC
658,76,AJMAN
659,18,FC INGOLSTADT 04 II
660,20,TOTTENHAM
661,43,NK ZAGREB
662,57,BRATTVAG
663,47,HAP.IR.KIRYAT SHMONA
664,44,FC JUNIORS OO
665,11,ONCE CALDAS
666,10,CRB
667,9,TRIESTINA
668,18,TORGELOWER SV GREIF
669,64,SPORTING GIJON
670,20,WESTON SUPER MARE
671,20,NUNEATON
672,74,TARAZ
673,20,LUTON
674,54,DERRY CITY
675,20,BRISTOL CITY
676,18,HOLSTEIN KIEL II
677,60,ST.NIKLAAS
678,9,AVERSA NORMANNA
679,50,CRACOVIA KRAKOW
680,18,FC 08 HOMBURG
681,20,GRIMSBY
682,2,KLUBI-04
683,24,LOMBARD PAPA
684,18,FC ESCHBORN
685,18,VfB STUTTGART II
686,20,MORECAMBE
687,20,ASHTON UNITED
688,44,SC NEUSIEDL 1919
689,64,REAL MADRID
690,58,DUNKERQUE
691,3,MUHARRAQ CLUB
692,24,PECSI MFC
693,9,SAVOIA
694,46,SPARTAK VLADIKAVKAZ
695,44,LEOBENDORF
696,46,FC ARMAVIR
697,68,UNIVERSITATEA CLUJ
698,14,DINAMO BREST
699,53,ETOILE S. METLAOUI
700,49,JUVENTUD
701,57,KJELSAS
702,48,AL-MARKHIYA
703,18,HALLESCHER FC
704,42,CIENCIANO
705,46,TOM TOMSK 2
706,1,DEPORTIVO SAPRISSA
707,16,REAL MAMORE
708,18,SpVgg GREUTHER FURTH II
709,24,KAPOSVAR
710,23,BOHEMIANS PRAHA
711,67,BRONDBY
712,16,CICLON
713,38,GODOY CRUZ
714,10,CORITIBA
715,44,FC HOCHST
716,72,ORLANDO PIRATES
717,3,AL-ITTIHAD
718,56,MFK SKALICA
719,18,FC AUGSBURG
720,23,SPARTA PRAHA
721,35,FC HOLLVIKEN
722,57,TYNSET
723,68,ACS VIITORUL PANDURI TARGU
724,23,OPAVA
725,46,AKHMAT GROZNY
726,68,METALOGLOBUS
727,20,BLYTH SPARTANS
728,75,ARDS
729,25,E.N. PARALIMNIOU
730,2,FC REIPAS
731,60,VIRTON
732,18,FC NOTTINGEN
733,70,DAMASH GILAN
734,57,SANDEFJORD
735,9,LAZIO
736,15,AFAN LIDO
737,45,A.O.K. KERKYRA
738,26,SERVETTE FC
739,38,ALDOSIVI
740,9,TORRES
741,18,FSV MAINZ 05
742,18,SSV JEDDELOH
743,18,TSV 1860 MUNICH
744,57,TROMSO
745,13,AL-YARMOUK
746,68,DACIA UNIREA BRAILA
747,50,BYTOVIA BYTOW
748,20,ALFRETON
749,72,MOROKA SWALLOWS
750,44,POTTINGER GRIESKIRCHEN
751,28,USM EL HARRACH
752,49,TACUAREMBO
753,64,BETIS
754,20,HAMPTON & RICHMOND
755,57,NYBERGSUND IL TRYSIL
756,18,FC KRAY
757,14,FC NEMAN GRODNO
758,13,AL-SHEIKH HUSSEIN FC
759,68,CSM SCOLAR RESITA
760,63,SAMTREDIA
761,65,TRABZONSPOR
762,35,IK BRAGE
763,18,VfL OSNABRUCK
764,34,GUADALAJARA-CHIVAS
765,51,MAREK
766,29,AMERICA DE QUITO
767,35,MOTALA AIF FK
768,5,MALACATECO
769,44,FC KUFSTEIN
770,29,MANTA FC
771,67,LYNGBY
772,46,DINAMO MOSCOW 2
773,20,SWINDON TOWN
774,58,NICE
775,20,BRADFORD
776,6,TACOMA DEFIANCE
777,59,VICTORIA ROSPORT
778,58,PAU
779,20,PORT VALE
780,6,LOS ANGELES GALAXY 2
781,11,SANTA FE
782,38,VELEZ SARSFIELD
783,9,POTENZA
784,77,DEPORTIVO SANTANI
785,61,OMIYA ARDIJA
786,8,EAST STIRLING
787,44,FC BIZAU
788,62,YOUSSOUFIA BERRECHID
789,55,RIGA FC
790,54,BRAY WANDERERS
791,35,LINDOME GIF
792,30,ST LUCIA
793,41,RADNICKI NIS
794,42,JUAN AURICH
795,36,CD HONDURAS
796,69,BALESTIER KHALSA FC
797,18,VfV 06 HILDESHEIM
798,16,UNIVERSITARIO DE SUCRE
799,46,OREL
800,75,GLENTORAN FC
801,38,SARMIENTO JUNIN
802,34,U.N.A.M. - PUMAS
803,35,GAIS
804,57,HOLMEN
805,43,RUDES
806,73,OLIVEIRENSE
807,23,VLASIM
808,39,TIANJIN TIANHAI
809,61,KASHIMA ANTLERS
810,9,LUMEZZANE
811,14,GRANIT MIKASHEVICHY
812,52,FC KOPER
813,18,KSV BAUNATAL
814,46,VITYAZ KRYMSK
815,46,KHIMKI
816,68,ARGES PITESTI
817,45,ASTERAS TRIPOLIS
818,52,MARIBOR
819,18,FC ASTORIA WALLDORF
820,4,INCHEON UNITED
821,25,A.E. ZAKAKIOU
822,62,MAGHREB FES
823,9,ROBUR SIENA
824,6,LOUISVILLE CITY FC
825,17,PAHANG
826,51,MONTANA
827,45,LEVADIAKOS
828,2,EPS
829,67,FC NORDSJAELLAND
830,29,DEPORTIVO QUEVEDO
831,20,HYDE FC
832,53,EL GAWAFEL S. GAFSA
833,49,CA RIVER PLATE
834,70,SIAH JAMEGAN
835,18,DYNAMO DRESDEN
836,18,SpVgg BAYREUTH
837,35,DJURGARDEN
838,24,BUDAPEST HONVED
839,31,MLADOST VELIKA
840,20,WEALDSTONE
841,45,VERIA
842,50,CHROBRY GLOGOW
843,58,GUINGAMP
844,57,STROMSGODSET 2
845,5,SIQUINALA
846,16,SPORT BOYS WARNES
847,2,TPS
848,26,FC AARAU
849,53,CS CHEBBA
850,44,SV OBERWART
851,9,BOLOGNA
852,70,MACHINE SAZI TABRIZ
853,2,ROPS
854,42,U. SAN MARTIN
855,48,AL-GHARAFA
856,20,IPSWICH
857,50,GARBARNIA KRAKOW
858,46,FC LUCH VLADIVOSTOK
859,68,DUNAREA GALATI
860,2,TP-47 TORNIO
861,28,BORDJ BOU ARRERIDJ
862,35,ANGELHOLMS FF
863,4,SUWON FC
864,9,PICERNO
865,6,TORONTO FC
866,23,SLOVACKO
867,11,LEONES FC
868,24,BALMAZUJVAROS
869,37,PFK SEVASTOPOL
870,60,CHARLEROI
871,20,NORTH FERRIBY UNITED
872,58,NANTES
873,8,STENHOUSEMUIR
874,63,DINAMO TBILISI
875,2,PALLOHONKA
876,46,CSKA MOSCOW
877,56,AS TRENCIN
878,6,PITTSBURGH RIVERHOUNDS
879,9,VENEZIA
880,44,TSV HARTBERG
881,4,SEOUL E-LAND FC
882,31,RUDAR PRIJEDOR
883,64,LAS PALMAS
884,46,LEGION-DYNAMO
885,44,SV LAFNITZ
886,39,GUANGZHOU R&amp;F FC
887,9,SORRENTO
888,64,ALCORCON
889,2,FC LAHTI AKATEMIA
890,20,BATH CITY
891,50,PODBESKIDZIE
892,58,CHATEAUROUX
893,51,TSARSKO SELO
894,2,ILVES/2
895,20,FC HALIFAX TOWN
896,10,LONDRINA
897,65,FATIH KARAGUMRUK AS
898,20,FOREST GREEN
899,62,OLYMPIQUE SAFI
900,6,BETHLEHEM STEEL FC
901,65,ERCIYESSPOR
902,57,VIDAR
903,46,KHIMKI 2
904,26,FC WINTERTHUR
905,30,ST. ANDREWS FC
906,2,ILVES-KISSAT
907,46,TEKSTILSHTIK IVANOVO
908,58,RODEZ
909,12,VVV VENLO
910,55,SK BABITE
911,35,HUSQVARNA FF
912,72,STELLENBOSCH FC
913,27,KURESSAARE
914,13,AL-JAZEERA AMMAN
915,73,VARZIM
916,17,PDRM
917,23,LISEN
918,4,ULSAN HYUNDAI FC
919,9,IMOLESE
920,49,SUD AMERICA
921,27,SILLAMAE KALEV
922,13,AL-FAISALY AMMAN
923,20,BOSTON UTD
924,44,SVG REICHENAU
925,7,EL GOUNA FC
926,43,HRVATSKI DRAGOVOLJAC
927,41,ZEMUN
928,35,ASSYRISKA FF
929,8,ROSS COUNTY
930,18,FC WEGBERG-BEECK
931,19,LOKOMOTIV TASHKENT
932,69,GOMBAK UNITED
933,57,SPRINT JELOY
934,9,PISA
935,18,WALDHOF MANNHEIM
936,72,PLATINUM STARS
937,18,TSV SCHILKSEE
938,18,TSG SPROCKHOVEL
939,14,BATE BORISOV
940,20,BRACKLEY TOWN
941,42,SPORT LORETO
942,7,GHAZL EL MAHALLA
943,68,CHINDIA TARGOVISTE
944,20,CREWE
945,46,ANZHI
946,23,USTI NAD LABEM
947,9,AVELLINO
948,37,DESNA CHERNIHIV
949,4,SEONGNAM FC
950,58,TOULOUSE
951,8,PETERHEAD
952,35,IFK VARNAMO
953,18,TSV AUBSTADT
954,32,AL-KAWKAB
955,68,CS UNIVERSITATEA CRAIOVA
956,9,PRO PIACENZA
957,43,HNK GORICA
958,58,MARSEILLE
959,30,SLIEMA WANDERERS
960,18,SV BABELSBERG 03
961,53,CO MEDENINE
962,39,JIANGSU SUNING
963,20,BRENTFORD
964,57,ASKER
965,18,VfR AALEN
966,35,SOLLENTUNA FK
967,68,FCM DOROHOI
968,46,ASTRAKHAN
969,15,PENYBONT FC
970,64,ESPANYOL
971,2,LAHTI
972,66,ESTUDIANTES CARACAS
973,62,DIFAA EL JADIDA
974,50,RUCH CHORZOW
975,49,ATENAS
976,28,CS CONSTANTINE
977,69,WARRIORS FC
978,8,HAMILTON ACADEMICAL
979,7,AL MOKAWLOON
980,73,FEIRENSE
981,45,PAS GIANNINA
982,8,DUNDEE UTD
983,9,SAVONA
984,35,MALMO FF
985,2,FC KIISTO
986,37,FC OLEKSANDRIYA
987,8,INVERNESS CT
988,32,AL-BUKIRYAH
989,58,BEZIERS
990,75,COLERAINE FC
991,9,L. R. VICENZA
992,57,STROMSGODSET
993,38,SAN MARTIN S.J.
994,2,PEPO
995,41,SEMENDRIA 1924
996,62,HASSANIA AGADIR
997,73,BEIRA MAR
998,58,VANNES
999,25,KARMIOTISSA POLEMIDION
1000,20,WHITEHAWK
1001,70,ESTEGHLAL KHUZESTAN
1002,2,HIFK
1003,24,DUNAUJVAROS PASE
1004,38,ATLETICO DE RAFAELA
1005,20,BOURNEMOUTH
1006,20,CHORLEY
1007,10,PAYSANDU
1008,44,FC STADLAU
1009,20,BLACKPOOL
1010,11,TIGRES FC
1011,37,HOVERLA UZHHOROD
1012,17,KEDAH
1013,17,TERENGGANU
1014,6,NEW YORK CITY FC
1015,12,WAALWIJK
1016,72,BAROKA FC
1017,67,FC MIDTJYLLAND
1018,2,KERHO 07
1019,37,FK LVIV
1020,10,JUVENTUDE
1021,28,MO BEJAIA
1022,20,PORTSMOUTH
1023,42,LEON DE HUANUCO
1024,72,BLACK ACES
1025,20,VAUXHALL
1026,32,AL-JABALAIN
1027,57,START
1028,9,MESSINA
1029,32,AL-AIN ATAWLAH
1030,46,ANGUSHT
1031,9,RACING ROMA
1032,29,EL NACIONAL
1033,10,CRUZEIRO
1034,57,NEST-SOTRA
1035,20,HEREFORD
1036,32,AL-TAAWON
1037,18,FC ISMANING
1038,73,PENAFIEL
1039,34,FC JUAREZ
1040,64,SABADELL
1041,27,MAARDU LINNAMEESKOND
1042,20,BARNET
1043,58,ENTENTE S ST GRATIEN
1044,68,UNIREA 2004 SLOBOZIA
1045,56,MFK RUZOMBEROK
1046,11,AMERICA DE CALI
1047,70,TRACTOR SAZI
1048,58,TOULON
1049,68,GLORIA BUZAU
1050,20,STAINES TOWN
1051,8,QUEEN OF THE SOUTH
1052,57,KRISTIANSUND BK
1053,36,CD MOTAGUA
1054,64,RAYO MAJADAHONDA
1055,16,LA PAZ FC
1056,52,TRIGLAV KRANJ
1057,54,UCD
1058,18,FC SCHALKE 04 II
1059,2,OLS
1060,64,SEVILLA
1061,39,SHANGHAI SHENXIN FC
1062,44,ASV DRASSBURG
1063,62,KASBA TADLA
1064,47,HAPOEL BEER SHEVA
1065,73,NACIONAL
1066,35,CARLSTAD UNITED BK
1067,46,NEFTEKHIMIK
1068,71,UNION SAN FELIPE
1069,8,STRANRAER
1070,18,BONNER SC
1071,4,GWANGJU FC
1072,27,TULEVIK VILJANDI
1073,9,JUVENTUS
1074,61,SHIMIZU S-PULSE
1075,69,HOUGANG UNITED FC
1076,45,ARIS THESSALONIKIS
1077,55,RIGAS FUTBOLA SKOLA
1078,20,GLOUCESTER CITY
1079,56,SLOVAN BRATISLAVA
1080,32,AL-RAED
1081,65,GOZTEPE
1082,20,BLACKBURN
1083,23,VYSOCINA JIHLAVA
1084,10,FIGUEIRENSE
1085,22,KEFLAVIK
1086,40,FC ARTSAKH
1087,73,SC BRAGA
1088,46,FC ROSTOV
1089,59,US ESCH
1090,28,JS KABYLIE
1091,68,SPORTUL STUD.
1092,46,AFIPS
1093,60,PATRO MAASMECHELEN
1094,37,STAL KAMIANSKE
1095,24,NYIREGYHAZA
1096,26,FC CHIASSO
1097,9,TARANTO
1098,9,SAMPDORIA
1099,2,NJS
1100,46,SOLYARIS MOSCOW
1101,9,AC MILAN
1102,58,CHAMBLY OISE
1103,18,LUPO-MARTINI WOLFSBURG
1104,10,CEARA
1105,9,COSENZA
1106,32,HAJER
1107,8,PARTICK
1108,28,HADJOUT
1109,18,BSG CHEMIE LEIPZIG
1110,9,CARRARESE
1111,65,BOLUSPOR
1112,57,SOTRA
1113,32,ABHA
1114,18,SG SONN. GROSSASPACH
1115,20,FLEETWOOD TOWN
1116,41,OFK BEOGRAD
1117,9,FERALPISALO
1118,9,TUTTOCUOIO
1119,46,VOLOGDA
1120,34,VERACRUZ
1121,24,KISVARDA FC
1122,56,DUKLA B. BYSTRICA
1123,7,AL AHLY CAIRO
1124,6,PORTLAND TIMBERS
1125,29,DEPORTIVO QUITO
1126,46,ENERGOMASH BELGOROD
1127,60,K.RC. MECHELEN
1128,18,UNION BERLIN II
1129,17,KUALA LUMPUR
1130,20,WOKING
1131,21,STUMBRAS
1132,76,DUBAI CSC
1133,20,STEVENAGE
1134,45,AEK ATHENS
1135,8,ABERDEEN
1136,21,PALANGA
1137,73,REAL
1138,46,TYUMEN
1139,58,GRENOBLE
1140,46,SPARTAK MOSCOW
1141,58,BASTIA
1142,50,OLIMPIA GRUDZIADZ
1143,2,SUDET
1144,20,TONBRIDGE ANGELS
1145,71,CURICO UNIDO
1146,63,MERANI MARTVILI
1147,18,SV SELIGENPORTEN
1148,36,CD MARATHON
1149,46,KAMAZ NABEREZHNYE CHELNY
1150,11,CUCUTA
1151,53,US MONASTIRIENNE
1152,67,AC HORSENS
1153,54,DUNDALK
1154,9,LUCCHESE
1155,18,VFR NEUMUNSTER
1156,6,MEMPHIS 901 FC
1157,9,RENDE
1158,6,CHARLOTTE INDEPENDENCE
1159,55,FS METTA/LU
1160,7,WADI DEGLA
1161,38,NEWELLS OLD BOYS
1162,70,PERSEPOLIS FC
1163,18,KFC UERDINGEN 05
1164,46,ZENIT IRKUTSK
1165,35,SYRIANSKA FC
1166,20,TRANMERE
1167,18,VfL BOCHUM II
1168,60,HOOGSTRATEN
1169,9,VICENZA
1170,60,AALST
1171,7,SMOUHA SC
1172,18,FORTUNA DUSSELDORF
1173,71,NUBLENSE
1174,58,CONCARNEAU
1175,62,CHABAB RIF HOCEIMA
1176,36,JUTICALPA
1177,40,FC NOAH
1178,31,DRINA ZVORNIK
1179,9,PERGOLETTESE
1180,70,PARS JONOUBI JAM
1181,64,MIRANDES
1182,32,AL-QADISIYAH FC
1183,11,DEPORTES TOLIMA
1184,5,SUCHITEPEQUEZ
1185,8,LIVINGSTON
1186,20,ROTHERHAM
1187,75,BALLINAMALLARD UTD
1188,36,VIDA
1189,30,NAXXAR LIONS
1190,22,FYLKIR
1191,16,JORGE WILSTERMANN
1192,71,ANTOFAGASTA
1193,23,BANIK OSTRAVA
1194,18,EUTIN 08
1195,18,WACKER BURGHAUSEN
1196,46,TORPEDO VLADIMIR
1197,18,BORUSSIA MONCHENGLADBACH
1198,5,DEPORTIVO CHIANTLA
1199,39,GUANGZHOU R&F FC
1200,44,FC WELS
1201,9,FOGGIA
1202,53,AS DJERBA
1203,18,VfB LUBECK
1204,20,DARLINGTON 1883
1205,45,OLYMPIAKOS PIRAEUS
1206,58,REIMS
1207,54,DROGHEDA UNITED
1208,10,BRAGANTINO
1209,61,KASHIWA REYSOL
1210,35,IFK LULEA
1211,50,JAGIELLONIA
1212,18,FC EINTRACHT BAMBERG
1213,46,FK NOVOSIBIRSK
1214,60,TUBIZE
1215,54,LIMERICK FC
1216,5,COMUNICACIONES
1217,4,DAEGU FC
1218,2,HIFK 2
1219,44,FC MAUERWERK
1220,58,EPINAL
1221,20,ASTON VILLA
1222,16,SAN JOSE
1223,57,HAUGESUND
1224,19,SHURTAN GUZAR
1225,51,PIRIN BLAGOEVGRAD
1226,14,FC ENERGETIK-BGU MINSK
1227,20,NORTHAMPTON
1228,64,CULTURAL LEONESA
1229,68,FC CLINCENI
1230,29,MUSHUC RUNA SC
1231,61,NAGOYA GRAMPUS
1232,68,CFR 1907 CLUJ
1233,73,AROUCA
1234,58,QUEVILLY
1235,35,BODENS BK
1236,46,KRASNODAR 2
1237,18,SSVg VELBERT
1238,4,SUWON BLUEWINGS
1239,46,INTER CHERKESSK
1240,18,LUNEBURGER SK HANSA
1241,2,BK-46
1242,67,FC VESTSJAELLAND
1243,25,OLYMPIAKOS NICOSIA
1244,50,WISLA PLOCK
1245,50,LKS LODZ
1246,15,BARRY TOWN
1247,18,VfB EICHSTATT
1248,56,FK POHRONIE D. ZDANA
1249,74,IRTYSH PAVLODAR
1250,50,GKS KATOWICE
1251,18,SPORTFREUNDE LOTTE
1252,9,GROSSETO
1253,40,ARARAT YEREVAN
1254,24,VASAS
1255,49,MIRAMAR
1256,30,SIRENS
1257,20,ALTRINCHAM
1258,66,DEPORTIVO LA GUAIRA
1259,35,OSKARSHAMNS AIK
1260,15,CAERNARFON TOWN
1261,11,REAL CARTAGENA
1262,57,TRAEFF
1263,57,STRINDHEIM
1264,21,FK PANEVEZYS
1265,2,HERCULES
1266,51,ETAR VELIKO TARNOVO
1267,38,ROSARIO CENTRAL
1268,11,CORTULUA
1269,57,VALERENGA 2
1270,50,GKS BELCHATOW
1271,44,GLEICHENBERG
1272,57,KFUM OSLO
1273,58,COLOMIERS
1274,44,FC LIEFERING
1275,68,PETROLUL PLOIESTI
1276,18,FC GIESSEN
1277,18,TSV STEINBACH
1278,6,RGV TOROS FC
1279,64,LEGANES
1280,46,KOLOMNA
1281,77,LIBERTAD
1282,45,PANIONIOS
1283,11,INDEPENDIENTE MEDELLIN
1284,40,GANDZASAR
1285,63,DILA GORI
1286,65,ALANYASPOR
1287,46,PODOLYE
1288,58,NANCY
1289,17,SARAWAK
1290,17,NEGERI SEMBILAN
1291,41,PROLETER NOVI SAD
1292,66,PUERTO CABELLO
1293,8,AIRDRIEONIANS
1294,77,INDEPENDIENTE F.B.C.
1295,4,GANGWON FC
1296,76,HATTA SC
1297,18,FC VIKTORIA KOLN
1298,66,DEPORTIVO ANZOATEGUI
1299,20,LEEDS
1300,67,KOLDING IF
1301,36,PARRILLAS ONE
1302,20,SWANSEA
1303,61,V-VAREN NAGASAKI
1304,57,SANDNES ULF
1305,75,LISBURN DISTILLERY
1306,20,BURTON ALBION
1307,3,SITRA
1308,60,UNION SAINT-GILLOISE
1309,71,DEPORTES LA SERENA
1310,2,INTER TURKU
1311,71,UNIVERSIDAD DE CONCEPCION
1312,18,SC VICTORIA HAMBURG
1313,50,ZNICZ PRUSZKOW
1314,26,FC ZURICH
1315,47,MACCABI TEL AVIV
1316,73,VIZELA
1317,35,KRISTIANSTADS FF
1318,39,YANBIAN FUNDE
1319,76,FUJAIRAH SC
1320,41,CRVENA ZVEZDA
1321,64,BARCELONA B
1322,73,U. MADEIRA
1323,2,MP
1324,50,LEGIA WARSZAWA
1325,77,12 DE OCTUBRE
1326,6,MONTREAL IMPACT
1327,10,ATLETICO GOIANIENSE
1328,12,JONG TWENTE
1329,75,CARRICK RANGERS
1330,2,IFK MARIEHAMN
1331,6,CHICAGO FIRE
1332,18,FC KAISERSLAUTERN II
1333,9,NAPOLI
1334,53,US BEN GUERDANE
1335,13,AL-ARABI IRBID
1336,48,AL-SADD
1337,8,QUEENS PARK
1338,44,SG TRAISKIRCHEN
1339,57,VINDBJART
1340,22,VIKINGUR REYKJAVIK
1341,35,FALKENBERGS FF
1342,72,MARITZBURG UTD
1343,49,NACIONAL DE FOOTBALL
1344,2,EIF
1345,38,ATLETICO TUCUMAN
1346,6,CHARLESTON BATTERY
1347,35,FC LINKOPING CITY
1348,9,BASSANO VIRTUS
1349,43,NK OSIJEK
1350,13,AL-AHLI AMMAN
1351,9,SANTARCANGELO
1352,18,VfL FROHNLACH
1353,54,SHELBOURNE
1354,46,PFC SOCHI
1355,6,ATLANTA UNITED 2
1356,23,TEPLICE
1357,31,ZELJEZNICAR SARAJEVO
1358,57,MO
1359,24,MTK BUDAPEST
1360,69,HARIMAU MUDA
1361,44,FLORIDSDORFER AC
1362,18,VfL WOLFSBURG II
1363,20,HARROGATE TOWN
1364,72,UNIVERSITY OF PRETORIA FC
1365,2,SALPA
1366,61,ALBIREX NIIGATA
1367,18,ROCHLING VOLKLINGEN
1368,58,VILLEFRANCHE
1369,65,KONYASPOR
1370,65,ORDUSPOR
1371,44,RIED
1372,9,MESTRE
1373,55,FK DAUGAVA RIGA
1374,20,SHEFFIELD WED
1375,58,LE HAVRE
1376,46,SPARTAK NALCHIK
1377,28,KHROUB
1378,44,VILLACHER SV
1379,44,TEAM WIENER LINIEN
1380,46,GAZPROM TRANSGAZ
1381,70,SEPIDROOD RASHT
1382,20,WOLVERHAMPTON
1383,67,ESBJERG
1384,64,NUMANCIA
1385,12,MVV
1386,19,NEFTCHI FARGONA
1387,5,COBAN IMPERIAL
1388,6,FC CINCINNATI
1389,62,CHABAB ATLAS KHENIFRA
1390,11,CHICO
1391,18,BV CLOPPENBURG
1392,57,EGERSUNDS
1393,18,FSV FRANKFURT
1394,44,SR DONAUFELD
1395,9,PRO VERCELLI
1396,46,SOKOL SARATOV
1397,60,ROYAL EXCEL MOUSCRON
1398,57,ROSENBORG 2
1399,32,AL-RIYADH
1400,77,SPORTIVO LUQUENO
1401,64,MALAGA
1402,46,YAKUTIYA YAKUTSK
1403,27,KALJU NOMME
1404,9,SICULA LEONZIO
1405,51,NEFTOCHIMIC BURGAS
1406,63,CHIKHURA SACHKHERE
1407,67,RANDERS FC
1408,43,NK ZADAR
1409,28,PARADOU AC
1410,9,ATALANTA
1411,18,HAMBURGER SV
1412,10,AMERICA MINEIRO
1413,13,AL-SALT
1414,28,ES SETIF
1415,21,LIETAVA JONAVA
1416,9,REGGINA
1417,24,MOL FEHERVAR FC
1418,32,AL-FAISALY FC
1419,58,AMIENS
1420,20,ALDERSHOT TOWN
1421,62,RACING DE CASABLANCA
1422,20,PETERBOROUGH
1423,10,GREMIO
1424,9,EMPOLI
1425,37,OLIMPIK DONETSK
1426,29,GUAYAQUIL CITY FC
1427,9,REGGIANA
1428,12,ALMERE CITY FC
1429,21,KRUOJA
1430,20,KIDDERMINSTER
1431,69,GARENA YOUNG LIONS
1432,12,ACHILLES 29
1433,56,FC VION ZLATE MORAVCE
1434,34,PACHUCA
1435,18,RB LEIPZIG
1436,43,DINAMO ZAGREB
1437,5,DEPORTIVO MIXCO
1438,59,UNION TITUS PETANGE
1439,41,RADNIK SURDULICA
1440,42,SPORT ROSARIO
1441,74,FC KYZYL-ZHAR SK
1442,60,WHITE STAR BRUSSELS
1443,76,DIBBA AL-FUJAIRAH
1444,50,GKS JASTRZEBIE
1445,35,OSTERSUNDS FK
1446,23,TABORSKO
1447,55,FK JELGAVA
1448,10,AVAI
1449,46,OLIMPIA VOLGOGRAD
1450,29,EMELEC
1451,12,EMMEN
1452,20,GUISELEY AFC
1453,68,ACADEMICA CLINCENI
1454,68,CONCORDIA
1455,51,LOKOMOTIV PLOVDIV
1456,26,FC THUN
1457,16,NACIONAL POTOSI
1458,51,LYUBIMETS 2007
1459,18,FC UNTERFOHRING
1460,77,DEPORTIVO CAPIATA
1461,57,NARDO
1462,75,NEWRY CITY FC
1463,18,ENERGIE COTTBUS II
1464,35,IF SYLVIA
1465,44,SC RITZING
1466,68,ACS ENERGETICIANUL
1467,57,ROSENBORG
1468,66,ATLETICO EL VIGIA FC
1469,13,MANSHEYAT BANI HASAN
1470,23,KARVINA
1471,9,COMO
1472,18,GERMANIA HALBERSTADT
1473,73,FARENSE
1474,44,VST VOLKERMARKT
1475,41,RAD
1476,62,MOGHREB TETOUAN
1477,15,NEWTOWN AFC
1478,37,SHAKHTAR DONETSK
1479,60,ST TRUIDEN
1480,26,FC LOCARNO
1481,59,UN KAERJENG 97
1482,75,GLENAVON FC
1483,15,THE NEW SAINTS
1484,29,INDEPEND. DEL VALLE
1485,39,LIAONING WHOWIN FC
1486,34,LEON
1487,35,ASSYRISKA TURABDIN
1488,25,ERMIS
1489,2,MPS
1490,58,ROUEN
1491,44,FIRST VIENNA FC 1894
1492,66,METROPOLITANOS FC
1493,35,VASALUNDS IF
1494,51,BOTEV VRATSA
1495,9,SAN MARINO CALCIO
1496,20,SUTTON UTD
1497,35,GEFLE IF
1498,46,KARELIA PETROZAVODSK
1499,68,CS TURNU SEVERIN
1500,61,CEREZO OSAKA
1501,6,NEW YORK RED BULLS 2
1502,28,WA TLEMCEN
1503,63,WIT GEORGIA
1504,66,PORTUGUESA FC
1505,70,ESTEGHLAL AHVAZ
1506,45,PAOK
1507,33,WELLINGTON PHOENIX
1508,35,VARBERGS BoIS FC
1509,18,SC PADERBORN 07
1510,65,MERSIN IDMAN YURDU
1511,18,FC KOLN II
1512,5,IZTAPA
1513,9,SAMBENEDETTESE
1514,73,BELENENSES
1515,10,TUPI
1516,49,DANUBIO
1517,29,MACARA
1518,7,ZAMALEK SC
1519,9,PALERMO
1520,34,LOBOS BUAP
1521,44,SV STRIPFING/WEIDEN
1522,9,BARI
1523,20,HAVANT &amp; WATERLOOVILLE
1524,20,BURY
1525,5,SANTA LUCIA
1526,68,RAPID BUCURESTI
1527,66,ESTUDIANTES MERIDA
1528,30,PIETA HOTSPURS
1529,62,RAJA CASABLANCA
1530,53,STADE GABESIEN
1531,57,SENJA
1532,61,MATSUMOTO YAMAGA
1533,35,ATVIDABERGS FF
1534,28,ESM KOLEA
1535,2,GNISTAN
1536,18,LOKOMOTIVE LEIPZIG
1537,26,FC BASEL 1893
1538,60,DESSEL SPORT
1539,8,EDINBURGH CITY
1540,18,OPTIK RATHENOW
1541,25,ARIS LIMASSOL
1542,18,HERTHA BERLIN II
1543,72,CHIPPA UNITED
1544,56,FC NITRA
1545,28,CA BATNA
1546,17,SELANGOR
1547,72,GOLDEN ARROWS
1548,3,AL-AHLI CLUB MANAMA
1549,49,RENTISTAS
1550,76,AL-AHLI CLUB
1551,46,NOVOKUZNETSK
1552,46,AKADEMIYA FUTBOLA
1553,57,FINNSNES
1554,64,VALENCIA
1555,34,CRUZ AZUL
1556,73,PACOS FERREIRA
1557,26,FC LUZERN
1558,60,BEERSCHOT WILRIJK
1559,39,SHANDONG LUNENG
1560,68,SAGEATA NAVODARI
1561,10,FLAMENGO
1562,45,PLATANIAS
1563,18,MSV DUISBURG
1564,54,BOHEMIANS
1565,77,RUBIO NU
1566,65,AFJET AFYONSPOR
1567,42,SPORT BOYS
1568,58,PARIS FC
1569,44,ADMIRA WACKER (AM)
1570,12,DEN BOSCH
1571,50,ZAWISZA BYDGOSZCZ
1572,21,FK ZALGIRIS KAUNAS
1573,73,VITORIA SETUBAL
1574,28,MEROUANA
1575,20,DOVER
1576,32,DHAMK
1577,18,BFC DYNAMO
1578,9,SASSUOLO
1579,9,CREMONESE
1580,65,TAVSANLI LINYITSPOR
1581,60,STANDARD LIEGE
1582,11,RIONEGRO FC
1583,35,GREBBESTADS IF
1584,44,VfB HOHENEMS
1585,34,MONTERREY
1586,49,PROGRESO
1587,20,BASINGSTOKE
1588,10,SPORT RECIFE
1589,56,SPARTAK TRNAVA
1590,37,FC MARIUPOL
1591,77,OLIMPIA
1592,61,SANFRECCE HIROSHIMA
1593,58,FREJUS-SAINT-RAPHAEL
1594,48,LEKHWIYA SC
1595,44,AUSTRIA LUSTENAU
1596,5,UNIVERSIDAD S.CARLOS
1597,18,SV MEPPEN
1598,8,ST MIRREN
1599,60,KVC WESTERLO
1600,18,SAAR 05 SAARBBRUCKEN
1601,28,USM ANNABA
1602,76,AL-SHABAB DUBAI
1603,46,CHERTANOVO MOSCOW 2
1604,2,FCV
1605,10,LUVERDENSE
1606,39,CHONGQING LIFAN
1607,38,QUILMES
1608,2,ATLANTIS FC
1609,2,KAJHA
1610,18,SPORTFREUNDE SIEGEN
1611,46,SALYUT BELGOROD
1612,44,FC HARD
1613,43,HNK RIJEKA
1614,71,UNIVERSIDAD DE CHILE
1615,18,FC SCHWEINFURT 05
1616,18,BERGISCH GLADBACH 09
1617,50,LECHIA GDANSK
1618,53,CS HAMMAM-LIF
1619,2,PK KESKI-UUSIMAA
1620,9,RENATE
1621,32,AL-SHOALAH
1622,18,TSV 1860 MUNICH II
1623,1,GUADALUPE FC
1624,41,HAJDUK KULA
1625,57,VIKING
1626,30,FLORIANA FC
1627,70,MALAVAN
1628,46,AMKAR
1629,44,SKU AMSTETTEN
1630,24,BEKESCSABA 1912
1631,2,FF JARO
1632,15,GAP CONNAH S QUAY FC
1633,74,FC ASTANA
1634,32,AL-ITTIHAD JEDDAH
1635,18,MSV DUISBURG II
1636,7,ASWAN SC
1637,42,FBC MELGAR
1638,73,SANTA CLARA
1639,46,FC UFA
1640,10,CHAPECOENSE-SC
1641,37,KARPATY LVIV
1642,9,PORTOGRUARO
1643,34,NECAXA
1644,74,AKTOBE
1645,9,ARZACHENA
1646,20,CRYSTAL PALACE
1647,28,AMAL BOU SAADA
1648,2,HAKA
1649,73,FREAMUNDE
1650,11,UNIAUTONOMA
1651,2,SPORTING KRISTINA
1652,44,WORGL
1653,65,HATAYSPOR
1654,44,GRAZER AK
1655,13,AL-HUSSEIN SC
1656,18,PREUSSEN MUNSTER
1657,44,UNION GURTEN
1658,46,KUBAN 2
1659,40,LORI FC
1660,20,TORQUAY
1661,77,CERRO PORTENO PF
1662,64,EXTREMADURA
1663,20,CONCORD RANGERS
1664,20,COVENTRY
1665,46,STROGINO MOSCOW
1666,60,GEEL
1667,44,WOLFSBERGER AC
1668,25,NEA SALAMIS
1669,32,AL-TAEE
1670,40,MIKA FC
1671,51,CHERNO MORE VARNA
1672,9,LATINA
1673,39,HENAN JIANYE
1674,6,NORTH CAROLINA FC
1675,2,KAAPO
1676,14,FC GOMEL
1677,41,CUKARICKI
1678,18,ARMINIA BIELEFELD
1679,18,SC IDAR-OBERSTEIN
1680,53,AS KASSERINE
1681,63,TORPEDO KUTAISI
1682,9,CASERTANA
1683,68,ASA TARGU MURES
1684,63,SAPOVNELA
1685,9,VERONA
1686,61,OITA TRINITA
1687,67,VIBORG
1688,57,RAUFOSS
1689,15,ABERYSTWYTH TOWN
1690,54,SHAMROCK ROVERS
1691,20,DERBY
1692,44,RAPID VIENNA (AM)
1693,11,DEPORTIVO PASTO
1694,26,FC ST. GALLEN
1695,20,HULL CITY
1696,34,ATLETICO SAN LUIS
1697,50,LECH POZNAN
1698,18,WACKER NORDHAUSEN
1699,46,MORDOVIA SARANSK
1700,20,DORKING WANDERERS
1701,18,SV ELVERSBERG
1702,60,LIERSE
1703,4,CHUNGJU HUMMEL
1704,72,AMAZULU
1705,20,AFC WIMBLEDON
1706,6,LOUDOUN UNITED
1707,23,DYNAMO CESKE BUDEJOVICE
1708,60,R.B.D. BORINAGE
1709,46,ZORKY KRASNOGORSK
1710,44,SC SOLLENAU
1711,64,ALAVES
1712,44,SC RHEINDORF ALTACH
1713,20,NEWCASTLE
1714,71,UNION LA CALERA
1715,42,SPORT HUANCAYO
1716,9,GIANA ERMINIO
1717,44,SAK KLAGENFURT
1718,31,ZVIJEZDA
1719,68,CEAHLAUL PIATRA NEAMT
1720,57,FRAM LARVIK
1721,5,XELAJU
1722,65,BANDIRMASPOR
1723,13,SAHAB SC
1724,56,SPARTAK MYJAVA
1725,64,GETAFE
1726,57,MOLDE 2
1727,57,VARD HAUGESUND
1728,23,HRADEC KRALOVE
1729,26,FC SION
1730,18,BAHLINGER SC
1731,14,FC VITEBSK
1732,18,SC FREIBURG II
1733,64,OVIEDO
1734,18,HESSEN DREIEICH
1735,36,LOBOS UPNFM
1736,10,BAHIA
1737,73,ORIENTAL LISBOA
1738,2,FC FUTURA
1739,49,PENAROL
1740,41,FK PARTIZAN
1741,19,NASAF QARSHI
1742,18,KAAN-MARIENBORN
1743,8,ELGIN CITY
1744,58,AJACCIO
1745,32,AL-DRAIH
1746,49,CA VILLA TERESA
1747,43,NK LOKOMOTIVA ZAGREB
1748,44,USC WALLERN
1749,50,POLONIA WARSZAWA
1750,32,AL-NAHDA
1751,46,AMUR-2010
1752,58,EVIAN TG FC
1753,21,SUDUVA MARIJAMPOLE
1754,8,COWDENBEATH
1755,71,RANGERS DE TALCA
1756,35,ENSKEDE IK
1757,17,PBDKT T-TEAM
1758,65,ANTALYASPOR
1759,26,FC BIEL BIENNE
1760,27,PAIDE LINNAMEESKOND
1761,60,OH LEUVEN
1762,2,VIRKIA
1763,29,CLAN JUVENIL
1764,44,SV STEGERSBACH
1765,57,NOTODDEN
1766,66,ATLETICO SOCOPO FC
1767,63,SHUKURA
1768,57,TROMSO 2
1769,18,FC ST. PAULI II
1770,35,FC TROLLHATTAN
1771,18,HANSA ROSTOCK
1772,31,VELEZ MOSTAR
1773,73,CASA PIA
1774,57,BIRKEBEINEREN
1775,19,FK TERMEZ SURKHON
1776,66,CARACAS FC
1777,20,STOKE CITY
1778,27,PARNU JK VAPRUS
1779,62,KAWKAB A.C.MARRAKECH
1780,69,TANJONG PAGAR UTD FC
1781,35,IK FREJ
1782,9,BISCEGLIE
1783,64,GRANADA CF
1784,73,FAFE
1785,72,SUPERSPORT UNITED
1786,65,BESIKTAS
1787,24,FERENCVAROSI TC
1788,62,RAPIDE OUED ZEM
1789,46,BAIKAL IRKUTSK
1790,64,SEVILLA ATLETICO
1791,28,NC MAGRA
1792,20,CHESTER
1793,9,ARZIGNANO VALCHIAMPO
1794,57,FLEKKEROY
1795,71,COBRELOA
1796,8,MONTROSE
1797,47,HAPOEL HADERA
1798,9,AKRAGAS
1799,58,CHERBOURG
1800,37,ZIRKA KIROVOHRAD
1801,3,AL-SHABAB MANAMA
1802,46,BALTIKA
1803,18,FC KAISERSLAUTERN
1804,20,BISHOP S STORTFORD
1805,41,VOJVODINA
1806,18,BAYERN ALZENAU
1807,51,PFK CSKA
1808,11,FORTALEZA FC
1809,18,CHEMNITZER FC
1810,9,TERAMO
1811,46,DYNAMO STAVROPOL
1812,22,THROTTUR REYKJAVIK
1813,64,RAYO VALLECANO
1814,9,VIBONESE
1815,9,ALBINOLEFFE
1816,51,BOTEV PLOVDIV
1817,28,USM BEL ABBES
1818,44,SC-ESV PARNDORF
1819,9,AREZZO
1820,9,PIACENZA
1821,9,BRESCIA
1822,6,SAN JOSE EARTHQUAKES
1823,68,CS LUCEAFARUL ORADEA
1824,9,L AQUILA
1825,33,WESTERN UNITED
1826,12,HELMOND SPORT
1827,67,THISTED FC
1828,73,TONDELA
1829,12,AJAX
1830,7,NOGOOM EL MOSTAKBAL FC
1831,28,HUSSEIN DEY
1832,61,CONSADOLE SAPPORO
1833,64,VILLARREAL
1834,10,BOTAFOGO
1835,13,AL-BAQA A
1836,37,METALURH ZAPORIZHZH.
1837,2,PK-35
1838,18,SC FREIBURG
1839,66,TUCANES FC
1840,13,AL-ASALAH
1841,7,EL GEISH
1842,28,USM ALGER
1843,61,AVISPA FUKUOKA
1844,76,AL-SHAAB CSC
1845,18,FC SCHALKE 04
1846,8,RANGERS
1847,58,CRETEIL
1848,12,TOP OSS
1849,27,TRANS NARVA
1850,35,DEGERFORS IF
1851,52,OLIMPIJA LJUBLJANA
1852,68,ACS POLI TIMISOARA
1853,18,VfL OLDENBURG
1854,8,BERWICK
1855,50,OKOCIMSKI BRZESKO
1856,7,HARAS EL HODOOD
1857,44,RAPID VIENNA
1858,61,URAWA RED DIAMONDS
1859,18,TURKGUCU-ATASPOR MUNCHEN
1860,44,SAK 1914
1861,10,SAO PAULO
1862,67,SKIVE
1863,32,AL-HILAL SAUDI FC
1864,26,FC LUGANO
1865,46,TOM TOMSK
1866,9,ALESSANDRIA
1867,33,SYDNEY FC
1868,68,FCSB
1869,18,FC NURNBERG II
1870,2,OPS
1871,7,TANTA SC
1872,10,FLUMINENSE
1873,13,ITTIHAD AL-RAMTHA
1874,67,VENDSYSSEL FF
1875,37,DNIPRO DNIPROPETROVSK
1876,53,CA BIZERTIN
1877,13,KUFRSOUM SC
1878,64,ATHLETIC BILBAO B
1879,64,REAL JAEN
1880,68,FC POLITEHNICA TIMISOARA
1881,44,SKN ST. POLTEN
1882,44,SC KALSDORF
1883,28,JSM BEJAIA
1884,54,MONAGHAN UNITED
1885,32,AL-OROBAH FC
1886,18,VfB STUTTGART
1887,18,BERLINER AK 07
1888,42,CARLOS A. MANNUCCI
1889,37,METALIST KHARKIV
1890,35,OSTERS IF
1891,18,WATZENBORN-STEINBERG
1892,22,FJOLNIR
1893,18,KSV HESSEN KASSEL
1894,9,CHIEVO
1895,31,OLIMPIK
1896,68,AEROSTAR BACAU
1897,75,WARRENPOINT TOWN
1898,46,ANZHI 2
1899,44,SV AUSTRIA SALZBURG
1900,35,AFC ESKILSTUNA
1901,18,BSV SW REHDEN
1902,31,SLAVIJA SARAJEVO
1903,18,TSV BUCHBACH
1904,5,SANARATE FC
1905,70,ZOB AHAN
1906,46,TAGANROG
1907,46,FC RYAZAN
1908,60,CLUB BRUGGE
1909,20,WORCESTER
1910,32,JEDDAH CLUB
1911,76,EMIRATES CLUB
1912,52,KRKA
1913,58,LE POIRE SUR VIE
1914,73,ATLETICO
1915,20,LOWESTOFT TOWN
1916,18,FT BRAUNSCHWEIG
1917,70,SEPAHAN FC
1918,47,BEITAR JERUSALEM
1919,51,LOKOMOTIV SOFIA
1920,31,TRAVNIK
1921,31,FK KRUPA
1922,20,BRIGHTON
1923,38,SAN MARTIN TUCUMAN
1924,18,VfB AUERBACH
1925,1,CS CARTAGINES
1926,7,EL ENTAG EL HARBY
1927,28,OLYMPIQUE MEDEA
1928,50,ZAGLEBIE SOSNOWIEC
1929,49,CENTRAL ESP.
1930,8,EAST FIFE
1931,38,COLON SANTA FE
1932,15,PORT TALBOT TOWN
1933,39,QINGDAO JONOON
1934,58,BASTIA C.A.
1935,28,AIN FAKROUN
1936,9,VIS PESARO
1937,20,HINCKLEY UNITED
1938,68,BUCOVINA POJORATA
1939,35,KRISTIANSTAD FC
1940,44,KAPFENBERGER SV
1941,18,HERKENRATH
1942,11,QUINDIO
1943,25,AEK KOUKLION
1944,46,PSKOV-747
1945,20,WEYMOUTH
1946,18,SV DROCHTERSEN/ASSEL
1947,24,MOL VIDI FC
1948,58,SOCHAUX
1949,20,HEDNESFORD TOWN
1950,32,AL-ETTIFAQ
1951,45,LAMIA
1952,4,SANGJU SANGMU FC
1953,27,TALLINNA KALEV
1954,18,BAYER LEVERKUSEN II
1955,35,OREBRO
1956,46,SKVO
1957,50,WIGRY SUWALKI
1958,18,FC AUGSBURG II
1959,57,LYN
1960,31,FK TUZLA CITY
1961,10,CORINTHIANS
1962,10,PALMEIRAS
1963,9,UDINESE
1964,74,OKZHETPES
1965,18,SSV ULM 1846
1966,61,MONTEDIO YAMAGATA
1967,18,FSV FRANKFURT II
1968,44,FC PINZGAU
1969,36,PLATENSE FC
1970,19,KOKAND 1912
1971,47,BNEI SAKHNIN
1972,5,DEPORTIVO MARQUENSE
1973,6,TORONTO FC 2
1974,54,WATERFORD UNITED
1975,6,RICHMOND KICKERS
1976,40,FC YEREVAN
1977,54,GALWAY UNITED FC
1978,20,SCUNTHORPE
1979,41,INDJIJA
1980,44,FC GLEISDORF 09
1981,11,UNION MAGDALENA
1982,20,NOTTS COUNTY
1983,2,MUSA
1984,20,EASTBOURNE BOROUGH
1985,15,BALA TOWN
1986,44,WSG WATTENS
1987,51,CHERNOMORETS BURGAS
1988,76,AL-WASL FC
1989,40,PYUNIK YEREVAN
1990,68,SEPSI OSK SFANTU GHEORGHE
1991,9,MONZA
1992,47,BNEI YEHUDA TEL AVIV
1993,46,DYNAMO ST PETERSBURG 2
1994,46,VOLGA TVER
1995,49,CERRITO
1996,24,DIOSGYORI VTK
1997,28,RC RELIZANE
1998,44,WSC HERTHA
1999,6,SACRAMENTO REPUBLIC
2000,9,TREVISO
2001,10,CRICIUMA
2002,20,WELLING
2003,44,SV NEUBERG
2004,8,DUMBARTON
2005,66,ZULIA FC
2006,6,MINNESOTA UNITED FC
2007,2,JS HERCULES
2008,57,STABAEK 2
2009,20,YEOVIL
2010,35,QVIDING FIF
2011,2,FC INTER
2012,8,COVE RANGERS
2013,18,FC MAGDEBURG
2014,34,SANTOS LAGUNA
2015,9,JUVENTUS (U23)
2016,68,DACO-GETICA BUCURESTI
2017,44,SC WEIZ
2018,35,KALMAR FF
2019,18,FSV 63 LUCKENWALDE
2020,46,RUS SAINT PETERSBURG
2021,7,ITTIHAD EL SHORTA
2022,19,SOGDIANA JIZZAKH
2023,65,SANLIURFASPOR
2024,18,FV ILLERTISSEN
2025,10,PONTE PRETA
2026,50,CHOJNICZANKA CHOJNICE
2027,73,GUIMARAES
2028,20,CHELTENHAM
2029,44,UNION ST. FLORIAN
2030,1,AS PUMA GENERALENA
2031,66,ATLETICO VENEZUELA
2032,42,DEFENSOR LA BOCANA
2033,46,ZENIT SAINT PETERSBURG
2034,12,HERACLES
2035,25,ETHNIKOS ACHNAS
2036,71,SANTIAGO WANDERERS
2037,60,CERCLE BRUGGE
2038,20,MAIDSTONE UTD
2039,44,DEUTSCHLANDSBERGER
2040,18,FC ST. PAULI
2041,70,MASHHAD FC
2042,20,COLCHESTER
2043,47,HAPOEL RAMAT GAN
2044,41,SLOBODA P. SEVOJNO
2045,9,VIRTUS VERONA
2046,26,FC LAUSANNE-SPORT
2047,31,FK SARAJEVO
2048,73,FC PORTO B
2049,32,AL-WASHM
2050,17,LIONS XII
2051,20,QPR
2052,18,VIKTORIA ASCHAFFENBURG
2053,17,KELANTAN
2054,8,AYR UTD
2055,23,FK OLYMPIA PRAHA
2056,9,SUDTIROL
2057,73,GIL VICENTE
2058,6,REAL MONARCHS SLC
2059,35,DALKURD FF
2060,62,ITTIHAD KHEMISSET
2061,46,ALANIA-D VLADIKAVKAZ
2062,44,LASK LINZ
2063,44,EBREICHSDORF
2064,77,SOL DE AMERICA
2065,18,UNION FURSTENWALDE
2066,35,IFK NORRKOPING
2067,14,SHAKHTER SOLIGORSK
2068,57,BRANN
2069,2,PEIMARI UTD
2070,13,THAT RAS
2071,58,LYON
2072,73,TROFENSE
2073,6,FC DALLAS
2074,12,VOLENDAM
2075,20,GATESHEAD
2076,3,AL-HALA
2077,35,IK SIRIUS
2078,62,WYDAD A.C. CASABLANCA
2079,8,DUNDEE
2080,64,LLAGOSTERA-COSTA BRAVA
2081,41,JAGODINA
2082,18,EINTRACHT BRAUNSCHWEIG II
2083,9,PAVIA
2084,66,YARACUYANOS FC
2085,52,RUDAR VELENJE
2086,28,MOSTAGANEM
2087,8,CLYDE
2088,6,COLORADO SWITCHBACKS
2089,73,NAVAL
2090,73,GUIMARAES B
2091,68,ACS FORESTA SUCEAVA
2092,27,FC INFONET
2093,5,DEPORTIVO PETAPA
2094,25,ALKI
2095,6,FRESNO FC
2096,73,FAMALICAO
2097,45,APOLLON SMIRNIS
2098,46,OLIMP KHIMKI
2099,57,ODD BALLKLUBB
2100,2,NUPS
2101,50,ARKA GDYNIA
2102,58,CLERMONT FOOT
2103,20,CORBY
2104,28,MC SAIDA
2105,42,ALIANZA ATLETICO
2106,64,ATHLETIC BILBAO
2107,32,AL-KHALEEJ SAIHAT
2108,11,HUILA
2109,28,USM BLIDA
2110,40,ULISSES
2111,3,RIFFA SC
2112,6,ATLANTA UNITED FC
2113,52,RADOMLJE
2114,47,HAPOEL PETAH TIKVA
2115,20,CHARLTON
2116,30,TARXIEN RAINBOWS
2117,46,FC KHIMIK-ARSENAL
2118,34,CLUB TIJUANA
2119,18,FC SCHONBERG 95
2120,65,DENIZLISPOR
2121,20,FULHAM
2122,2,MYPA
2123,57,ASANE
2124,20,CHESTERFIELD
2125,64,FUENLABRADA
2126,39,TIANJIN QUANJIAN
2127,44,MARCHFELD MANNSDORF
2128,3,AL-NAJMA CLUB
2129,76,BANIYAS SC
2130,57,LILLESTROM
2131,70,FOOLAD FC
2132,20,CHELSEA
2133,3,EAST RIFFA CLUB
2134,74,TOBOL KOSTANAY
2135,46,ZVEZDA ST PETERSBURG
2136,44,WACKER INNSBRUCK(AM)
2137,57,MOLDE
2138,18,SV EICHEDE
2139,20,PRESTON
2140,57,ORN-HORTEN
2141,6,OKC ENERGY
2142,41,NAPREDAK
2143,18,FC AMBERG
2144,58,BELFORT
2145,35,SKELLEFTEA FF
2146,34,LEONES NEGROS UDG
2147,65,BALIKESIRSPOR
2148,67,ROSKILDE
2149,72,BLOEM CELTIC
2150,50,ROZWOJ KATOWICE
2151,2,FC JAZZ
2152,76,AL-JAZIRA
2153,20,OXFORD CITY
2154,48,AL-ARABI SC
2155,40,ALASHKERT
2156,18,FC PIPINSRIED
2157,9,LIVORNO
2158,62,ITTIHAD TANGER
2159,18,JAHN REGENSBURG
2160,10,BOTAFOGO SP
2161,67,AB COPENHAGEN
2162,35,NYKOPINGS BIS
2163,28,RC KOUBA
2164,50,SANDECJA NOWY SACZ
2165,18,SV DARMSTADT 98
2166,32,AL-WAJJ
2167,34,CLUB QUERETARO
2168,1,UNIV. DE COSTA RICA
2169,8,ALBION ROVERS
2170,28,GC MASCARA
2171,1,AD CARMELITA
2172,67,AARHUS
2173,57,HODD
2174,7,AL MASRY
2175,27,FLORA TALLINN
2176,24,KECSKEMETI TE
2177,35,TVAAKERS IF
2178,57,ULL/KISA
2179,65,ALTAY
2180,58,ESTAC TROYES
2181,20,WYCOMBE
2182,44,SV MATTERSBURG
2183,6,CHIVAS USA
2184,18,TuS ROT-WEISS KOBLENZ
2185,68,RIPENSIA TIMISOARA
2186,35,MJALLBY AIF
2187,68,GLORIA BISTRITA
2188,2,HONKA
2189,65,KASIMPASA
2190,65,RIZESPOR
2191,44,SC MANNSDORF
2192,58,CONSOLAT MARSEILLE
2193,36,CD SOCIAL SOL
2194,76,AL-DHAFRA
2195,58,LORIENT
2196,20,READING
2197,20,MILTON KEYNES DONS
2198,35,ORGRYTE
2199,61,VISSEL KOBE
2200,1,SANTOS DE GUAPILES
2201,35,IK ODDEVOLD
2202,31,SIROKI BRIJEG
2203,56,DUNAJSKA STREDA
2204,14,FC SLUTSK
2205,12,JONG AZ
2206,25,A. E. KITION LARNACA
2207,45,NIKI VOLOU
2208,21,FK SIAULIAI
2209,20,CARDIFF
2210,20,ST ALBANS
2211,58,CLERMONT FOOT 63
2212,9,CAGLIARI
2213,7,EL SHARKIA
2214,25,OMONIA
2215,3,MANAMA CLUB
2216,66,LALA FC
2217,48,AL-SADD SC
2218,25,OTHELLOS ATHIENOU
2219,18,SpVgg GREUTHER FURTH
2220,63,ZUGDIDI
2221,50,DOLCAN ZABKI
2222,37,CHORNOMORETS ODESA
2223,71,UNIVERSIDAD CATOLICA
2224,27,RAKVERE JK TARVAS
2225,68,OTELUL GALATI
2226,65,ERZURUM BB
2227,50,POGON SIEDLCE
2228,35,HUDDINGE IF
2229,46,ZHEMCHUZHINA YALTA
2230,61,JUBILO IWATA
2231,20,SOUTHEND
2232,52,NS MURA
2233,57,HARSTAD
2234,35,ESKILSMINNE IF
2235,58,MONTPELLIER
2236,29,UNIVERSIDAD CATOLICA QUITO
2237,55,DAUGAVA DAUGAVPILS
2238,32,AL-NASSR RIYADH
2239,56,ZP SPORT PODBREZOVA
2240,18,EINT. FRANKFURT II
2241,2,TAMPERE UNITED
2242,20,ROCHDALE
2243,68,CS BALOTESTI
2244,49,VILLA ESPANOLA
2245,14,TORPEDO MINSK
2246,25,DOXA KATOKOPIAS
2247,64,ALMERIA
2248,71,HUACHIPATO
2249,76,AL-KHALEEJ
2250,65,GAZIANTEP FK
2251,13,AL-SAREEH
2252,72,HIGHLANDS PARK FC
2253,58,MARIGNANE
2254,34,CHIAPAS FC
2255,35,VALSTA SYRIANSKA IK
2256,20,KETTERING
2257,46,IRTYSH OMSK
2258,46,ENERGIYA VOLZHSKY
2259,18,STUTTGARTER KICKERS
2260,66,TRUJILLANOS FC
2261,43,RNK SPLIT
2262,2,VJS
2263,54,CORK CITY
2264,20,MANCHESTER CITY
2265,65,KAHRAMANMARASSPOR AS
2266,6,REAL SALT LAKE
2267,23,BOHEMIANS 1905
2268,9,MARTINA FRANCA 1947
2269,2,FC VIIKINGIT
2270,23,VARNSDORF
2271,76,AL-ITTIHAD KALBA
2272,20,DARLINGTON FC
2273,15,AIRBUS UK BROUGHTON
2274,4,BUCHEON FC 1995
2275,26,FC WOHLEN
2276,30,BALZAN FC
2277,73,VILAFRANQUENSE
2278,44,SC WIENER NEUSTADT
2279,25,ALKI OROKLINIS
2280,44,SV SEEKIRCHEN
2281,63,FC RUSTAVI
2282,38,CRUCERO DEL NORTE
2283,59,JEUNESSE CANACH
2284,68,FARUL CONSTANTA
2285,48,EL JAISH SC
2286,75,LINFIELD
2287,28,ANNABA
2288,44,BSK 1933
2289,7,PETROJET
2290,49,CA CERRO
2291,20,BARNSLEY
2292,19,PAKHTAKOR
2293,64,ALBACETE
2294,12,EXCELSIOR
2295,18,EINTRACHT TRIER
2296,10,ABC
2297,17,ATM
2298,16,ORIENTE PETROLERO
2299,27,LEVADIA TALLINN
2300,77,CLUB GUARANI
2301,6,BIRMINGHAM LEGION
2302,73,CHAVES
2303,70,PAYKAN
2304,46,KRYLYA SOVETOV
2305,66,DEPORTIVO TACHIRA FC
2306,64,HUESCA
2307,35,SKOVDE AIK
2308,24,PAKS
2309,64,MALLORCA
2310,9,PARMA
2311,20,WEST HAM
2312,44,SW BREGENZ
2313,46,DOLGOPRUDNY
2314,46,ORENBURG
2315,46,MUROM
2316,68,PANDURII TG JIU
2317,18,SG WATTENSCHEID 09
2318,50,POGON SZCZECIN
2319,55,SKONTO RIGA
2320,9,GUBBIO
2321,28,CR BELOUIZDAD
2322,71,COQUIMBO UNIDO
2323,57,HERD
2324,77,SPORTIVO CARAPEGUA
2325,64,HERCULES
2326,6,LOS ANGELES GALAXY
2327,50,WISLA KRAKOW
2328,50,WIDZEW LODZ
2329,44,SC WIENER VIKTORIA
2330,18,HAMBURGER SV II
2331,50,TERMALICA NIECIECZA
2332,57,LORENSKOG
2333,46,FK MAKHACHKALA
2334,74,KAIRAT ALMATY
2335,46,FC CHAYKA
2336,44,SV MATTERSBURG (AM)
2337,66,DEPORTIVO JBL
2338,18,ALTONA 93
2339,15,CARDIFF METROPOLITAN
2340,67,NYKOBING FC
2341,35,AIK
2342,77,CERRO PORTENO
2343,54,WEXFORD YOUTHS
2344,24,SIOFOK
2345,46,DINAMO BRYANSK
2346,47,MACCABI PETAH TIKVA
2347,18,HOLSTEIN KIEL
2348,38,CHACARITA JUNIORS
2349,64,RACING SANTANDER
2350,22,HK KOPAVOGUR
2351,72,BLACK LEOPARDS
2352,44,ATSV WOLFSBERG
2353,46,KALUGA
2354,6,HOUSTON DYNAMO
2355,23,FK FOTBAL TRINEC
2356,9,TRAPANI
2357,57,KONGSVINGER
2358,55,FK VENTSPILS
2359,29,LDU QUITO
2360,44,STURM GRAZ (AM)
2361,4,FC SEOUL
2362,67,SONDERJYSKE
2363,9,VARESE
2364,4,JEJU UNITED FC
2365,34,ATLANTE
2366,2,PK-37
2367,44,ATSV OBER-GRAFENDORF
2368,60,LOKEREN
2369,2,VPS AKATEMIA
2370,64,ATLETICO MADRID
2371,73,SPORTING CP
2372,12,NEC NIJMEGEN
2373,17,PKNS FC
2374,1,LIMON FC
2375,35,SANDVIKENS IF
2376,6,PHOENIX RISING
2377,9,ASCOLI
2378,24,SZOMBATHELYI HALADAS
2379,20,BURNLEY
2380,58,BOULOGNE
2381,58,LES HERBIERS
2382,7,TELEPHONAT B. SWEIF
2383,59,GREVENMACHER
2384,12,RODA
2385,64,GIRONA
2386,43,HNK HAJDUK SPLIT
2387,9,MODENA
2388,22,IA AKRANES
2389,3,HIDD SCC
2390,32,HETTEN FC
2391,44,SV HORN
2392,72,AJAX CAPE TOWN
2393,7,PYRAMIDS FC
2394,46,KAZANKA MOSCOW
2395,16,BLOOMING
2396,3,MALKIYA
2397,18,SC ELTERSDORF
2398,60,LOMMEL UNITED
2399,12,ADO DEN HAAG
2400,45,XANTHI FC
2401,39,SHANGHAI SIPG FC
2402,2,JBK
2403,63,KOLKHETI POTI
2404,44,ATSV STADL-PAURA
2405,27,FCI LEVADIA
2406,47,HAPOEL RAANANA
2407,2,GBK
2408,44,USK ANIF
2409,35,UMEA FC
2410,14,GORODEYA
2411,39,HEBEI CHINA FORTUNE
2412,6,PENN FC
2413,28,MC ORAN
2414,58,RED STAR FC 93
2415,19,FK ANDIJAN
2416,23,PROSTEJOV
2417,51,BEROE
2418,20,SLOUGH TOWN
2419,58,ISTRES
2420,20,DORCHESTER
2421,12,FEYENOORD
2422,32,AL-TAQDOM
2423,20,BOGNOR REGIS
2424,58,PARIS SAINT GERMAIN
2425,18,SpVgg UNTERHACHING
2426,20,SUNDERLAND
2427,70,RAH AHAN
2428,8,MOTHERWELL
2429,15,CARDIFF MET
2430,9,FIORENTINA
2431,34,PUEBLA
2432,23,SIGMA OLOMOUC B
2433,57,MJONDALEN
2434,68,FC BRASOV
2435,18,WUPPERTALER SV
2436,41,DINAMO VRANJE
2437,12,DORDRECHT
2438,7,GHAZL EL-MAHALLA
2439,71,COBRESAL
2440,9,SPAL
2441,65,SAMSUNSPOR
2442,52,ZAVRC
2443,4,JEONBUK MOTORS
2444,6,ORLANDO CITY
2445,42,UNIVERSITARIO
2446,18,FC KOLN
2447,68,CORONA 2010 BRASOV
2448,58,LYON DUCHERE
2449,59,RODANGE 91
2450,18,SV SPIELBERG
2451,9,MONOPOLI
2452,20,SOUTHPORT
2453,6,SEATTLE SOUNDERS
2454,20,SALFORD CITY
2455,29,AUCAS
2456,23,FC FASTAV ZLIN
2457,57,BRUMUNDDAL
2458,2,LPS
2459,9,GENOA
2460,18,BAYERN MUNICH
2461,5,GUASTATOYA
2462,17,PETALING JAYA CITY
2463,32,AL-NAJOOM
2464,32,AL-BATEN
2465,18,SV LICHTENBERG 47
2466,57,BRYNE
2467,71,UNION ESPANOLA
2468,32,AL-JEEL
2469,18,TuS HALTERN
2470,20,HAMPTON &amp; RICHMOND
2471,20,MIDDLESBROUGH
2472,18,SV HEIMSTETTEN
2473,18,SCHWARZ-WEISS REHDEN
2474,64,GIMNASTIC
2475,44,FC LANGENEGG
2476,77,CLUB SP. SAN LORENZO
2477,47,HAPOEL ASHKELON
2478,18,SCHALDING-HEINING
2479,18,HANNOVER 96
2480,5,DEPORTIVO CARCHA
2481,70,NAFT TEHRAN
2482,2,JJK
2483,20,HARTLEPOOL
2484,9,CARPI
2485,50,RADOMIAK RADOM
2486,9,SIRACUSA
2487,2,SC KUFU-98
2488,15,PRESTATYN TOWN
2489,9,RIMINI
2490,10,MOGI MIRIM
2491,12,GRONINGEN
2492,17,SIME DARBY FC
2493,23,VITKOVICE
2494,26,FC SCHAFFHAUSEN
2495,2,FC SANTA CLAUS
2496,75,CRUSADERS FC
2497,9,PERUGIA
2498,64,ZARAGOZA
2499,60,WAASLAND-BEVEREN
2500,68,CS MIOVENI
2501,23,LOKO VLTAVIN
2502,39,DALIAN YIFANG
2503,33,PERTH GLORY FC
2504,18,GER. EGESTORF/LANGREDER
2505,68,CS AFUMATI
2506,17,MELAKA UNITED
2507,67,NAESTVED
2508,44,SCR ALTACH (AM)
2509,9,REAL VICENZA
2510,73,AVES
2511,32,AL-FAYHA
2512,19,AGMK
2513,65,YENI MALATYASPOR
2514,13,AL-AQABA
2515,30,QORMI FC
2516,43,ISTRA 1961
2517,9,REGGIO AUDACE
2518,73,ACADEMICA
2519,44,RIED (AM)
2520,9,ALBISSOLA
2521,49,FENIX
2522,74,FC ATYRAU
2523,71,BARNECHEA
2524,18,VfL WOLFSBURG
2525,46,VELES MOSCOW
2526,59,AS JEUNESSE ESCH
2527,1,ORION FC
2528,36,CD REAL SOCIEDAD
2529,28,ASM ORAN
2530,41,FK SPARTAK SUBOTICA
2531,18,BAYERN MUNICH II
2532,76,AL-WAHDA SCC
2533,4,BUSAN I PARK
2534,2,SJK
2535,46,DNEPR SMOLENSK
2536,39,GUANGZHOU FC
2537,59,RM HAMM BENFICA
2538,32,AL-SAFA
2539,2,FC ESPOO
2540,23,FK BANIK MOST
2541,58,NIORT
2542,38,RACING CLUB
2543,51,DUNAV RUSE
2544,69,ALBIREX NIIGATA (S)
2545,44,KSV SUPERFUND (AM)
2546,76,AL-AIN FC
2547,52,ANKARAN HRVATINI
2548,9,PORDENONE
2549,46,CHITA
2550,20,STALYBRIDGE
2551,34,U.A.N.L. - TIGRES
2552,33,MELBOURNE VICTORY
2553,44,UNION VB VOCKLAMARKT
2554,9,MANTOVA
2555,74,FC KAYSAR
2556,57,FREDRIKSTAD
2557,30,LIJA ATHLETIC
2558,54,SLIGO ROVERS
2559,6,DC UNITED
2560,18,ENERGIE COTTBUS
2561,18,CARL ZEISS JENA
2562,49,ATLETICO TORQUE
2563,12,PEC ZWOLLE
2564,2,KAPA
2565,53,GROMBALIA SPORTS
2566,58,LILLE
2567,20,HAVANT & WATERLOOVILLE
2568,1,CS URUGUAY
2569,53,CLUB AFRICAIN
2570,46,MITOS
2571,4,ASAN MUGUNGHWA
2572,41,MLADOST LUCANI
2573,11,DEPORTIVO CALI
2574,18,VfB HULS
2575,72,MAMELODI SUNDOWNS
2576,46,VOLGAR ASTRAKHAN
2577,18,BISCHOFSWERDAER
2578,58,BOURG-EN-BRESSE 01
2579,18,SpVgg BAYERN HOF
2580,30,HAMRUN SPARTANS
2581,72,POLOKWANE CITY
2582,57,LEVANGER
2583,20,SHREWSBURY
2584,46,SIBIRYAK BRATSK
2585,10,PARANA
2586,38,TEMPERLEY
2587,16,REAL POTOSI
2588,64,BARCELONA
2589,46,TSK SIMFEROPOL
2590,18,FSV MAINZ 05 II
2591,46,SATURN RAMENSKOYE
2592,64,VALLADOLID
2593,20,TAMWORTH
2594,68,FC VASLUI
2595,11,PATRIOTAS
2596,58,LE PUY
2597,67,MARIENLYST
2598,24,GYORI ETO FC
2599,18,TuS ERNDTEBRUCK
2600,18,ROT-WEISS AHLEN
2601,65,ISTANBULSPOR AS
2602,64,MURCIA
2603,71,AUDAX ITALIANO
2604,15,CARMARTHEN TOWN
2605,59,UNA STRASSEN
2606,44,FC PASCHING/LASK JR.
2607,64,EIBAR
2608,9,RIETI
2609,20,KINGS LYNN
2610,10,VASCO DA GAMA
2611,46,CHERNOMORETS NOVOROSSIYSK
2612,57,ODD BALLKLUBB 2
2613,18,SV LIPPSTADT 08
2614,47,FC ASHDOD
2615,20,BRAINTREE
2616,38,BOCA JUNIORS
2617,66,CARABOBO FC
2618,57,KVIK HALDEN
2619,8,RAITH ROVERS
2620,18,TSV SCHOTT MAINZ
2621,42,UTC
2622,10,SANTOS
2623,18,ZFC MEUSELWITZ
2624,18,WERDER BREMEN
2625,14,SMOLEVICHI-STI
2626,59,US MONDORF-LES-BAINS
2627,19,MASH AL MUBAREK
2628,36,CD VICTORIA
2629,9,GAVORRANO
2630,51,SLAVIA SOFIA
2631,9,PISTOIESE
2632,2,SJK AKATEMIA
2633,28,MC ALGER
2634,29,UNIV. CATOLICA
2635,70,NAFT MASJED SOLEYMAN
2636,38,SAN LORENZO
2637,4,FC ANYANG
2638,57,SKEID
2639,66,DEPORTIVO PETARE
2640,61,FC TOKYO
2641,66,AC MINEROS
2642,57,ALTA
2643,56,FK SENICA
2644,62,KAC KENITRA
2645,10,CSA
2646,2,MASKU
2647,9,CITTADELLA
2648,58,COLMAR
2649,23,SLAVIA PRAHA
2650,69,TAMPINES ROVERS FC
2651,35,KSF PRESPA BIRLIK
2652,14,SLAVIA MOZYR
2653,42,AYACUCHO FC
2654,44,ANNABICHLER SPORTV.
2655,60,OOSTENDE
2656,58,AUXERRE
2657,25,ANAGENNISI DERYNIAS
2658,2,GRIFK
2659,7,AL NASR TAADEN
2660,64,OSASUNA
2661,42,ALIANZA UNIVERSIDAD
2662,2,LEGIRUS INTER
2663,2,HONKA/AKATEMIA
2664,20,BRADFORD PARK AVENUE
2665,65,ADANASPOR AS
2666,6,VANCOUVER WHITECAPS
2667,64,TENERIFE
2668,50,FLOTA SWINOUJSCIE
2669,74,AKZHAYIK
2670,16,CLUB DESTROYERS
2671,8,CELTIC
2672,51,ARDA KARDZHALI
2673,57,ELVERUM
2674,20,BROMLEY
2675,46,KRASNODAR
2676,57,LILLESTROM 2
2677,23,MLADA BOLESLAV
2678,4,POHANG STEELERS
2679,68,CSMS IASI
2680,18,SV WEHEN
2681,58,TOURS
2682,18,KARLSRUHER SC
2683,41,METALAC GM
2684,67,HVIDOVRE
2685,18,1896 RAIN AM LECH
2686,73,MOREIRENSE
2687,12,TELSTAR
2688,65,ESKISEHIRSPOR
2689,25,A.O. AYIAS NAPAS
2690,18,TSG NEUSTRELITZ
2691,73,RIO AVE
2692,7,EL DAKHLEYA
2693,7,ALA AB DAMANHOUR
2694,58,SEDAN
2695,33,WESTERN SYDNEY
2696,57,ODD GRENLAND 2
2697,77,3 DE FEBRERO
2698,35,HELSINGBORG
2699,8,FALKIRK
2700,35,TRELLEBORGS FF
2701,46,DAGDIZEL
2702,74,ZHETYSU
2703,54,ST. PATRICKS ATHLETIC
2704,10,FORTALEZA
2705,58,LUCON
2706,27,JOHVI FC LOKOMOTIV
2707,70,PADIDEH
2708,1,PUNTARENAS FC
2709,20,BARROW
2710,68,FC VOLUNTARI
2711,70,ESTEGHLAL FC
2712,58,MONACO
2713,2,HJK HELSINKI
2714,25,ANORTHOSIS
2715,33,BRISBANE ROAR FC
2716,2,AC OULU
2717,70,NASSAJI MAZANDARAN
2718,46,SKA ROSTOV
2719,46,LENINGRADETS
2720,60,K.S.V. OUDENAARDE
2721,46,TEREK GROZNI 2
2722,75,LARNE
2723,57,FOLLO
2724,8,ARBROATH
2725,20,EVERTON
2726,38,ARGENTINOS JRS
2727,31,ZRINJSKI
2728,67,ODENSE
2729,20,CHELMSFORD
2730,16,PETROLERO
2731,26,AC BELLINZONA
2732,57,GRORUD
2733,30,VALLETTA FC
2734,9,TORINO
2735,6,INDY ELEVEN
2736,60,K.S.K. HEIST
2737,50,SLASK WROCLAW
2738,71,SAN MARCOS DE ARICA
2739,38,BANFIELD
2740,37,DYNAMO KYIV
2741,49,EL TANQUE SISLEY
2742,57,JERV
2743,42,ACADEMIA CANTOLAO
2744,71,PALESTINO
2745,58,LUZENAC
2746,18,ERZGEBIRGE AUE
2747,61,KAWASAKI FRONTALE
2748,64,RECREATIVO HUELVA
2749,68,DINAMO BUCURESTI
2750,38,GIMNASIA L.P.
2751,6,SAN ANTONIO FC
2752,53,JS KAIROUANAISE
2753,50,KORONA KIELCE
2754,19,FC BUNYODKOR
2755,18,SC VERL
2756,10,OESTE
2757,73,UNIAO
2758,2,TPV
2759,2,FC KIFFEN
2760,63,GURIA LANCHKHUTI
2761,51,HASKOVO 2009
2762,7,AL ITTIHAD ALEXANDRIA
2763,43,INTER ZAPRESIC
2764,23,KOLIN
2765,47,HAPOEL AKKO
2766,16,AURORA
2767,62,FUS RABAT
2768,18,BORUSSIA DORTMUND II
2769,49,DEFENSOR SPORTING
2770,15,CEFN DRUIDS AFC
2771,8,BRECHIN
2772,30,GZIRA UNITED
2773,73,PORTIMONENSE
2774,46,ENISEY
2775,47,MACCABI NETANYA
2776,20,BOLTON
2777,12,CAMBUUR
2778,18,HANNOVER 96 II
2779,20,PLYMOUTH
2780,20,OXFORD UNITED
2781,18,FC HEIDENHEIM
2782,9,PESCARA
2783,61,SAGAN TOSU
2784,32,AL-MOJZEL
2785,9,BENEVENTO
2786,6,NEW MEXICO UNITED
2787,18,UNION BERLIN
2788,12,VITESSE
2789,28,MSP BATNA
2790,46,SPARTAK KOSTROMA
2791,25,PAFOS FC
2792,55,VALMIERAS
2793,22,LEIKNIR REYKJAVIK
2794,9,ISCHIA ISOLAVERDE
2795,20,MILLWALL
2796,37,VOLYN LUTSK
2797,12,FC EINDHOVEN
2798,20,LEICESTER
2799,68,CSM RAMNICU VALCEA
2800,7,ISMAILY SC
2801,57,AALESUND
2802,50,GKS TYCHY
2803,57,GJOVIK FF
2804,35,HACKEN
2805,24,PUSKAS ACADEMY
2806,60,WOLUWE-ZAVENTEM
2807,58,ORLEANS
2808,44,NEUSIEDL/SEE
2809,5,MICTLAN
2810,6,NASHVILLE SC
2811,18,FORTUNA KOLN
2812,65,1461 TRABZON
2813,37,METALURH DONETSK
2814,2,FC MYLLYPURO
2815,46,ARSENAL TULA 2
2816,57,ULLERN
2817,46,SMENA
2818,13,AL-WEHDAT SC
2819,50,ODRA OPOLE
2820,68,SPORTUL SNAGOV
2821,18,FC MEMMINGEN
2822,20,SOLIHULL MOORS
2823,58,VALENCIENNES
2824,37,KRYVBAS KRYVYI RIH
2825,6,PORTLAND TIMBERS 2
2826,20,EASTLEIGH
2827,18,FSV BUDISSA BAUTZEN
2828,24,UJPEST
2829,20,MANSFIELD
2830,52,NK DOMZALE
2831,20,HISTON
2832,9,SALERNITANA
2833,33,NEWCASTLE JETS FC
2834,46,SIBIR
2835,9,VIRTUS LANCIANO
2836,9,TRITIUM
2837,20,LIVERPOOL
2838,70,SABA QOM
2839,10,OPERARIO-PR
2840,60,FC BRUSSELS
2841,49,RAMPLA JUNIORS
2842,2,AIFK
2843,46,SHINNIK YAROSLAVL
2844,22,VIKINGUR OLAFSVIK
2845,46,ZNAMYA TRUDA
2846,4,GYEONGNAM FC
2847,18,VFC PLAUEN
2848,35,IFK GOTEBORG
2849,53,US TATAOUINE
2850,44,ADMIRA WACKER
2851,11,ALIANZA PETROLERA
2852,58,AVRANCHES
2853,65,BURSASPOR
2854,65,ELAZIGSPOR
2855,58,ST ETIENNE
2856,51,VEREYA STARA ZAGORA
2857,14,FC DNEPR MOGILEV
2858,18,SVN ZWEIBRUCKEN
2859,42,DEPORTIVO MUNICIPAL
2860,32,AL-HAZEM
2861,71,SAN LUIS
2862,45,PANTHRAKIKOS
2863,2,NARPES KRAFT
2864,65,KARSIYAKA
2865,12,JONG UTRECHT
2866,54,LONGFORD TOWN FC
2867,72,KAIZER CHIEFS
2868,67,VEJLE
2869,23,FRYDEK-MISTEK
2870,40,FC ARARAT-ARMENIA
2871,22,KA AKUREYRI
2872,20,HAYES & YEADING
2873,68,DUNAREA CALARASI
2874,8,HEART OF MIDLOTHIAN
2875,26,FC VADUZ
2876,9,VIRTUS ENTELLA
2877,30,PEMBROKE ATHLETA
2878,65,AKHISAR BELEDIYE
2879,72,SANTOS FC
2880,57,SARPSBORG 08 FF
2881,60,ZULTE-WAREGEM
2882,43,NK VARAZDIN
2883,39,SHENZHEN FC
2884,18,BORUSSIA MONCHENGLADB. II
2885,75,BALLYMENA UNITED
2886,44,WOLFSBERGER AC (AM)
2887,10,CUIABA
2888,35,AKROPOLIS IF
2889,2,ILVES
2890,18,1899 HOFFENHEIM
2891,49,PLAZA COLONIA
2892,34,CLUB AMERICA
2893,35,ASSYRISKA BK
2894,18,FC OBERLAUSITZ NEUGERSDORF
2895,48,AL-MESAIMEER
2896,64,DEPORTIVO LA CORUNA
2897,32,NAJRAN
2898,23,HFK OLOMOUC
2899,20,CHIPPENHAM
2900,44,SK VORWARTS STEYR
2901,49,CERRO LARGO
2902,8,ST JOHNSTONE
2903,20,MACCLESFIELD
2904,73,SPORTING COVILHA
2905,20,WORKINGTON
2906,50,STAL MIELEC
2907,18,SV WILHELMSHAVEN
2908,22,STJARNAN
2909,10,NAUTICO RECIFE
2910,6,TAMPA BAY ROWDIES
2911,58,GRENOBLE FOOT 38
2912,56,SKF SERED
2913,1,MUNICIPAL LIBERIA
2914,37,ZORYA LUHANSK
2915,44,WIENER SPORTKLUB
2916,57,GJOVIK-LYN
2917,39,ZHEJIANG GREENTOWN
2918,2,FC ALAND
2919,53,EO SIDI BOUZID
2920,64,ELCHE
2921,18,HERTHA BERLIN
2922,75,CLIFTONVILLE FC
2923,19,METALLURG BEKABAD
2924,59,FC MUHLENBACH BLUE BOYS
2925,15,LLANELLI TOWN AFC
2926,12,GO AHEAD EAGLES
2927,23,SIGMA OLOMOUC
2928,73,ESTORIL
2929,47,HAPOEL KFAR-SABA
2930,54,ATHLONE TOWN
2931,65,GALATASARAY
2932,9,PRO PATRIA
2933,23,FC ZBROJOVKA BRNO
2934,23,SLAVOJ VYSEHRAD
2935,37,KOLOS KOVALIVKA
2936,2,HAMEENLINNA
2937,46,ALANIA VLADIKAVKAZ
2938,73,LEIXOES
2939,38,OLIMPO BAHIA BLANCA
2940,73,MARITIMO
2941,60,C.S. VISE
2942,11,JUNIOR
2943,9,VIAREGGIO
2944,75,PORTADOWN FC
2945,74,SHAKHTER KARAGANDY
2946,20,FARNBOROUGH
2947,48,AL-AHLI DOHA
2948,9,CATANIA
2949,14,FC MINSK
2950,5,COATEPEQUE
2951,14,FC ISLOCH MINSK RAION
2952,35,SODERTALJE FK
2953,44,FC ALBERSCHWENDE
2954,2,MIPK
2955,24,MEZOKOVESD-ZSORY
2956,46,ZENIT PENZA
2957,14,FC KRUMKACHY
2958,53,ESPERANCE ST
2959,60,GENT
2960,49,LIVERPOOL MONTEVIDEO
2961,46,KUBAN
2962,48,AL-KHOR
2963,28,RC ARBAA
2964,18,VfL BOCHUM
2965,46,DINAMO BARNAUL
2966,9,JUVE STABIA
2967,10,VILA NOVA
2968,14,BELSHINA BOBRUISK
2969,60,KVV COXYDE
2970,57,MOSS
2971,52,ND GORICA
2972,7,EL RAJA MARSA MATRUH
2973,1,SAN CARLOS
2974,56,ZEMPLIN MICHALOVCE
2975,9,CAVESE
2976,18,TuS KOBLENZ
2977,9,LECCE
2978,10,ATLETICO PARANAENSE
2979,39,BEIJING GUOAN
2980,76,FUJAIRAH FC
2981,48,AL-SAILIYA
2982,20,SHEFFIELD UTD
2983,45,ERGOTELIS
2984,52,NK BRAVO
2985,18,VfB HOMBERG
2986,9,PRATO
2987,33,C. COAST MARINERS FC
2988,44,USV ST. ANNA AM AIGEN
2989,58,RENNES
2990,46,METALLURG VYKSA
2991,30,GUDJA UNITED
2992,35,KARLSTAD BK
2993,39,SHIJIAZHUANG EVER BRIGHT
2994,18,HANNOVERSCHER SC
2995,17,PKNP
2996,10,ATLETICO MINEIRO
2997,5,ANTIGUA GFC
2998,46,SIBIR 2
2999,70,SANAT NAFT
3000,44,KSV SUPERFUND
3001,67,AALBORG
3002,41,FK VOZDOVAC
3003,42,MOLINOS EL PIRATA
3004,68,VOINT TURNU MAGURELE
3005,9,LECCO
3006,12,AZ ALKMAAR
3007,9,SPEZIA
3008,26,BSC YOUNG BOYS
3009,21,UTENIS UTENA
3010,57,BAERUM
3011,20,WIGAN
3012,2,PS KEMI
3013,57,HEIMDAL TOPPFOTBALL
3014,56,FC TATRAN PRESOV
3015,9,NOVARA
3016,21,FK ZALGIRIS VILNIUS
3017,45,PANETOLIKOS
3018,9,CROTONE
3019,65,MANISASPOR
3020,28,WA BOUFARIK
3021,6,SAINT LOUIS FC
3022,28,JSM SKIKDA
3023,34,MONARCAS
3024,9,RAVENNA
3025,22,IBV VESTMANNAEYJAR
3026,13,SHABAB AL ORDON
3027,10,SAMPAIO CORREA
3028,20,EXETER
3029,18,ROT-WEISS ESSEN
3030,73,ACADEMICO VISEU
3031,35,IF BROMMAPOJKARNA
3032,18,FC WURZBURGER KICKERS
3033,65,KARDEMIR KARABUKSPOR
3034,6,AUSTIN BOLD
3035,20,NOTTINGHAM FOREST
3036,23,FK PRIBRAM
3037,28,ARZEW
3038,58,DRANCY
3039,34,ATLAS
3040,61,YOKOHAMA F. MARINOS
3041,24,EGRI FC KFT
3042,32,AL-ADALAH
3043,65,GAZIANTEPSPOR
3044,3,BAHRAIN CLUB
3045,18,EINTRACHT STADTALLENDORF
3046,28,TADJENANT
3047,9,LUPA ROMA
3048,53,ES ZARZIS
3049,77,GENERAL CABALLERO
3050,20,SPENNYMOOR TOWN
3051,51,VITOSHA BISTRITSA
3052,68,ACS BERCENI
3053,32,AL-FATEH
3054,65,KAYSERISPOR
3055,11,JAGUARES
3056,6,TULSA ROUGHNECKS
3057,57,FANA
3058,68,POLI IASI
3059,10,SAO BENTO
3060,48,AL-WAKRAH
3061,48,MUAITHER
3062,31,FK ZVIJEZDA 09
3063,20,WREXHAM
3064,35,VASTERAS FK
3065,15,BANGOR CITY
3066,8,KILMARNOCK
3067,71,DEPORTES TEMUCO
3068,35,LJUNGSKILE SK
3069,25,A.E. PAPHOS
3070,61,VENTFORET KOFU
3071,20,FC UTD OF MANCHESTER
3072,50,MIEDZ LEGNICA
3073,32,AL-QAISOMA
3074,38,INDEPENDIENTE
3075,38,CENTRAL CORDOBA
3076,38,GIMNASIA LA PLATA
3077,44,SV KUCHL
3078,70,GOL GOHAR
3079,70,SHAHIN BUSHEHR
3080,62,RAJA BENI MELLAL
3081,62,RENAISSANCE ZEMAMRA
3082,73,VITORIA GUIMARAES
3083,70,SHAHR KHODRO
3084,31,ZRINJSKI MOSTAR
3085,70,TRACTOR SC
3086,76,KHOR FAKKAN CLUB
